group,bead_size,bead_number,bead_id,experiment,e_factor,beam_energy,dose_level,exp_variable,SCF_bead,raw_bead
1,1,1,1_1,linearity,0.995,6.00,10.00,10.00,40.85,0.8636
1,1,2,1_2,linearity,0.995,6.00,10.00,10.00,40.84,0.8628
1,1,3,1_3,linearity,0.995,6.00,10.00,10.00,40.75,0.9771
1,1,4,1_4,linearity,0.995,6.00,10.00,10.00,42.97,0.8508
1,1,5,1_5,linearity,0.995,6.00,10.00,10.00,43.52,0.9164
1,1,6,1_6,linearity,0.995,6.00,25.00,25.00,41.46,1.6380
1,1,7,1_7,linearity,0.995,6.00,25.00,25.00,40.44,1.6490
1,1,8,1_8,linearity,0.995,6.00,,,lost,-
1,1,9,1_9,linearity,0.995,6.00,,,41.54,lost
1,1,10,1_10,linearity,0.995,6.00,25.00,25.00,39.96,1.6510
1,1,11,2_1,linearity,0.995,6.00,25.00,25.00,41.84,1.7050
1,1,12,2_2,linearity,0.995,6.00,50.00,50.00,41.72,2.6550
1,1,13,2_3,linearity,0.995,6.00,50.00,50.00,38.5,2.9160
1,1,14,2_4,linearity,0.995,6.00,50.00,50.00,41.85,2.8970
1,1,15,2_5,linearity,0.995,6.00,50.00,50.00,40.61,2.7160
1,1,16,2_6,linearity,0.995,6.00,50.00,50.00,40.02,2.8690
1,1,17,2_7,linearity,0.995,6.00,100.00,100.00,41.43,5.3120
1,1,18,2_8,linearity,0.995,6.00,100.00,100.00,41.58,5.7740
1,1,19,2_9,linearity,0.995,6.00,100.00,100.00,39.89,5.3040
1,1,20,2_10,linearity,0.995,6.00,100.00,100.00,41.05,5.3540
1,1,21,3_1,linearity,0.995,6.00,100.00,100.00,45.84,5.2940
1,1,22,3_2,linearity,0.995,6.00,250.00,250.00,40.15,12.3800
1,1,23,3_3,linearity,0.995,6.00,250.00,250.00,39.12,12.2800
1,1,24,3_4,linearity,0.995,6.00,250.00,250.00,42.14,15.5700
1,1,25,3_5,linearity,0.995,6.00,250.00,250.00,40.87,12.4700
1,1,26,3_6,linearity,0.995,6.00,250.00,250.00,37.2,11.4100
1,1,27,3_7,linearity,0.995,6.00,500.00,500.00,40.13,26.0100
1,1,28,3_8,linearity,0.995,6.00,500.00,500.00,41.65,27.1700
1,1,29,3_9,linearity,0.995,6.00,500.00,500.00,38.72,24.0300
1,1,30,3_10,linearity,0.995,6.00,500.00,500.00,41.76,24.0900
1,1,31,4_1,linearity,0.995,6.00,500.00,500.00,36.81,22.2700
1,1,32,4_2,linearity,0.995,6.00,1000.00,1000.00,39.36,58.0000
1,1,33,4_3,linearity,0.995,6.00,1000.00,1000.00,39.90,47.8200
1,1,34,4_4,linearity,0.995,6.00,1000.00,1000.00,40.40,50.1800
1,1,35,4_5,linearity,0.995,6.00,1000.00,1000.00,39.61,54.0000
1,1,36,4_6,linearity,0.995,6.00,1000.00,1000.00,41.80,57.1900
1,1,37,4_7,linearity,0.995,6.00,2000.00,2000.00,42.97,98.1900
1,1,38,4_8,linearity,0.995,6.00,2000.00,2000.00,39.77,94.0100
1,1,39,4_9,linearity,0.995,6.00,2000.00,2000.00,39.56,111.2000
1,1,40,4_10,linearity,0.995,6.00,2000.00,2000.00,38.88,94.8900
1,1,41,5_1,linearity,0.995,6.00,2000.00,2000.00,40.16,98.1000
1,1,42,5_2,linearity,0.995,6.00,3000.00,3000.00,42.34,146.6000
1,1,43,5_3,linearity,0.995,6.00,3000.00,3000.00,40.49,150.9000
1,1,44,5_4,linearity,0.995,6.00,3000.00,3000.00,41.43,146.5000
1,1,45,5_5,linearity,0.995,6.00,3000.00,3000.00,40.87,150.9000
1,1,46,5_6,linearity,0.995,6.00,3000.00,3000.00,41.23,148.9000
1,1,47,5_7,linearity,0.995,6.00,5000.00,5000.00,39.61,259.9000
1,1,48,5_8,linearity,0.995,6.00,5000.00,5000.00,40.92,259.9000
1,1,49,5_9,linearity,0.995,6.00,,,42.62,-
1,1,50,5_10,linearity,0.995,6.00,5000.00,5000.00,42.34,245.9000
1,1,51,6_1,linearity,0.995,6.00,,,43.12,lost
1,1,52,6_2,linearity,0.995,6.00,5000.00,5000.00,43.17,273.5000
1,1,53,6_3,linearity,0.995,10.00,0.00,0.00,39.80,0.6478
1,1,54,6_4,linearity,0.995,10.00,0.00,0.00,39.21,0.5139
1,1,55,6_5,linearity,0.995,10.00,0.00,0.00,38.38,0.6250
1,1,56,6_6,linearity,0.995,10.00,0.00,0.00,39.76,0.6495
1,1,57,6_7,linearity,0.995,10.00,0.00,0.00,39.59,0.6184
1,1,58,6_8,linearity,0.995,10.00,10.00,10.00,40.92,1.5110
1,1,59,6_9,linearity,0.995,10.00,10.00,10.00,42.56,1.5900
1,1,60,6_10,linearity,0.995,10.00,10.00,10.00,42.02,1.4990
1,1,61,7_1,linearity,0.995,10.00,10.00,10.00,39.21,1.3360
1,1,62,7_2,linearity,0.995,10.00,10.00,10.00,37.28,1.3590
1,1,63,7_3,linearity,0.995,10.00,,,lost ,-
1,1,64,7_4,linearity,0.995,10.00,25.00,25.00,39.03,1.6550
1,1,65,7_5,linearity,0.995,10.00,25.00,25.00,37.60,1.9520
1,1,66,7_6,linearity,0.995,10.00,25.00,25.00,38.13,1.5970
1,1,67,7_7,linearity,0.995,10.00,25.00,25.00,37.51,1.7240
1,1,68,7_8,linearity,0.995,10.00,25.00,25.00,38.42,2.0790
1,1,69,7_9,linearity,0.995,10.00,50.00,50.00,37.94,2.9890
1,1,70,7_10,linearity,0.995,10.00,50.00,50.00,38.90,2.9140
1,1,71,8_1,linearity,0.995,10.00,50.00,50.00,38.70,2.9970
1,1,72,8_2,linearity,0.995,10.00,50.00,50.00,39.44,2.7740
1,1,73,8_3,linearity,0.995,10.00,50.00,50.00,38.07,3.1030
1,1,74,8_4,linearity,0.995,10.00,100.00,100.00,39.58,5.2790
1,1,75,8_5,linearity,0.995,10.00,100.00,100.00,36.61,5.6490
1,1,76,8_6,linearity,0.995,10.00,100.00,100.00,39.81,5.2250
1,1,77,8_7,linearity,0.995,10.00,100.00,100.00,38.75,5.4730
1,1,78,8_8,linearity,0.995,10.00,100.00,100.00,43.81,5.2230
1,1,79,8_9,linearity,0.995,10.00,250.00,250.00,38.52,14.1400
1,1,80,8_10,linearity,0.995,10.00,250.00,250.00,37.30,12.6100
1,1,81,9_1,linearity,0.995,10.00,250.00,250.00,40.48,12.4100
1,1,82,9_2,linearity,0.995,10.00,250.00,250.00,39.29,12.2900
1,1,83,9_3,linearity,0.995,10.00,250.00,250.00,39.26,12.2000
1,1,84,9_4,linearity,0.995,10.00,500.00,500.00,38.23,25.2800
1,1,85,9_5,linearity,0.995,10.00,,,lost,-
1,1,86,9_6,linearity,0.995,10.00,500.00,500.00,37.95,26.7700
1,1,87,9_7,linearity,0.995,10.00,500.00,500.00,41.08,24.4800
1,1,88,9_8,linearity,0.995,10.00,500.00,500.00,39.44,27.4600
1,1,89,9_9,linearity,0.995,10.00,500.00,500.00,38.58,23.5200
1,1,90,9_10,linearity,0.995,10.00,1000.00,1000.00,46.59,60.3500
1,1,91,10_1,linearity,0.995,10.00,1000.00,1000.00,43.81,52.1200
1,1,92,10_2,linearity,0.995,10.00,1000.00,1000.00,40.92,49.6900
1,1,93,10_3,linearity,0.995,10.00,1000.00,1000.00,46.76,50.2100
1,1,94,10_4,linearity,0.995,10.00,1000.00,1000.00,37.46,49.5000
1,1,95,10_5,linearity,0.995,10.00,2000.00,2000.00,37.54,99.2700
1,1,96,10_6,linearity,0.995,10.00,2000.00,2000.00,38.14,97.3200
1,1,97,10_7,linearity,0.995,10.00,2000.00,2000.00,39.69,97.5500
1,1,98,10_8,linearity,0.995,10.00,2000.00,2000.00,37.62,114.1000
1,1,99,10_9,linearity,0.995,10.00,2000.00,2000.00,37.88,110.1000
1,1,100,10_10,linearity,0.995,10.00,3000.00,3000.00,38.59,146.2000
1,1,101,11_1,linearity,0.995,10.00,3000.00,3000.00,41.49,152.0000
1,1,102,11_2,linearity,0.995,10.00,3000.00,3000.00,45.95,151.9000
1,1,103,11_3,linearity,0.995,10.00,3000.00,3000.00,37.56,156.8000
1,1,104,11_4,linearity,0.995,10.00,3000.00,3000.00,37.99,140.2000
1,1,105,11_5,linearity,0.995,10.00,5000.00,5000.00,37.25,246.7000
1,1,106,11_6,linearity,0.995,10.00,5000.00,5000.00,39.41,250.8000
1,1,107,11_7,linearity,0.995,10.00,5000.00,5000.00,37.34,269.2000
1,1,108,11_8,linearity,0.995,10.00,5000.00,5000.00,45.48,255.9000
1,1,109,11_9,linearity,0.995,10.00,,,42.77,lost
1,1,110,11_10,linearity,0.995,10.00,0.00,0.00,38.82,0.5604
1,1,111,12_1,linearity,0.995,10.00,0.00,0.00,39.91,0.5331
1,1,112,12_2,linearity,0.995,10.00,0.00,0.00,37.54,0.5327
1,1,113,12_3,linearity,0.995,10.00,0.00,0.00,37.18,0.6763
1,1,114,12_4,linearity,0.995,10.00,0.00,0.00,38.98,0.6064
1,1,115,12_5,dose_rate,0.995,6.00,200.00,600.00,37.63,9.4940
1,1,116,12_6,dose_rate,0.995,6.00,200.00,600.00,36.80,9.3130
1,1,117,12_7,dose_rate,0.995,6.00,200.00,600.00,37.69,9.9690
1,1,118,12_8,dose_rate,0.995,6.00,200.00,600.00,37.88,9.8850
1,1,119,12_9,dose_rate,0.995,6.00,200.00,600.00,38.52,10.0100
1,1,120,12_10,dose_rate,0.995,6.00,200.00,500.00,39.33,10.4700
1,1,121,13_1,dose_rate,0.995,6.00,,,lost,-
1,1,122,13_2,dose_rate,0.995,6.00,200.00,500.00,45.33,10.0100
1,1,123,13_3,dose_rate,0.995,6.00,200.00,500.00,37.97,9.6490
1,1,124,13_4,dose_rate,0.995,6.00,200.00,500.00,40.04,9.4740
1,1,125,13_5,dose_rate,0.995,6.00,200.00,500.00,38.52,9.5380
1,1,126,13_6,dose_rate,0.995,6.00,200.00,400.00,37.60,9.8080
1,1,127,13_7,dose_rate,0.995,6.00,200.00,400.00,40.63,10.2900
1,1,128,13_8,dose_rate,0.995,6.00,200.00,400.00,39.82,9.7850
1,1,129,13_9,dose_rate,0.995,6.00,200.00,400.00,39.92,10.2400
1,1,130,13_10,dose_rate,0.995,6.00,200.00,400.00,39.19,10.0100
1,1,131,14_1,dose_rate,0.995,6.00,200.00,300.00,43.92,9.6240
1,1,132,14_2,dose_rate,0.995,6.00,200.00,300.00,37.79,9.2100
1,1,133,14_3,dose_rate,0.995,6.00,200.00,300.00,37.69,9.8870
1,1,134,14_4,dose_rate,0.995,6.00,200.00,300.00,44.25,10.1100
1,1,135,14_5,dose_rate,0.995,6.00,200.00,300.00,38.38,9.7400
1,1,136,14_6,dose_rate,0.995,6.00,200.00,200.00,39.69,9.4310
1,1,137,14_7,dose_rate,0.995,6.00,200.00,200.00,39.50,10.2600
1,1,138,14_8,dose_rate,0.995,6.00,200.00,200.00,37.63,9.9200
1,1,139,14_9,dose_rate,0.995,6.00,200.00,200.00,39.27,9.4550
1,1,140,14_10,dose_rate,0.995,6.00,200.00,200.00,40.72,10.3900
1,1,141,15_1,dose_rate,0.995,6.00,200.00,100.00,38.27,10.1100
1,1,142,15_2,dose_rate,0.995,6.00,200.00,100.00,38.30,9.8650
1,1,143,15_3,dose_rate,0.995,6.00,200.00,100.00,39.80,10.2800
1,1,144,15_4,dose_rate,0.995,6.00,200.00,100.00,39.38,9.9670
1,1,145,15_5,dose_rate,0.995,6.00,200.00,100.00,38.13,10.4400
1,1,146,15_6,dose_rate,0.995,6.00,200.00,80.00,39.30,10.1500
1,1,147,15_7,dose_rate,0.995,6.00,200.00,80.00,38.66,9.5210
1,1,148,15_8,dose_rate,0.995,6.00,200.00,80.00,39.49,10.4500
1,1,149,15_9,dose_rate,0.995,6.00,200.00,80.00,39.57,9.8990
1,1,150,15_10,dose_rate,0.995,6.00,200.00,80.00,39.30,9.5160
2,1,151,16_1,dose_rate,0.995,6.00,200.00,60,40.42,9.7170
2,1,152,16_2,dose_rate,0.995,6.00,200.00,60,36.1,9.8390
2,1,153,16_3,dose_rate,0.995,6.00,200.00,60,48.04,10.9700
2,1,154,16_4,dose_rate,0.995,6.00,200.00,60,38.39,9.8250
2,1,155,16_5,dose_rate,0.995,6.00,200.00,60,38,8.9840
2,1,156,16_6,dose_rate,0.995,6.00,200.00,0,37.85,0.5108
2,1,157,16_7,dose_rate,0.995,6.00,200.00,0,38.02,0.5259
2,1,158,16_8,dose_rate,0.995,6.00,200.00,0,39.57,0.5849
2,1,159,16_9,dose_rate,0.995,6.00,200.00,0,39.97,0.8769
2,1,160,16_10,dose_rate,0.995,6.00,200.00,0,41.15,0.7336
2,1,161,17_1,dose_rate,0.995,10,200.00,2400,40.27,10.3300
2,1,162,17_2,dose_rate,0.995,10,200.00,2400,38.49,9.6840
2,1,163,17_3,dose_rate,0.995,10,200.00,2400,38.48,9.9030
2,1,164,17_4,dose_rate,0.995,10,200.00,2400,41.72,10.2100
2,1,165,17_5,dose_rate,0.995,10,200.00,2400,38.03,9.5890
2,1,166,17_6,dose_rate,0.995,10,,,38.94,-
2,1,167,17_7,dose_rate,0.995,10,,,39.15,-
2,1,168,17_8,dose_rate,0.995,10,,,36.63,-
2,1,169,17_9,dose_rate,0.995,10,200,2000,40.08,9.7820
2,1,170,17_10,dose_rate,0.995,10,200,2000,38.64,11.2900
2,1,171,18_1,dose_rate,0.995,10,200,2000,39.85,9.5570
2,1,172,18_2,dose_rate,0.995,10,,,lost,-
2,1,173,18_3,dose_rate,0.995,10,200,2000,42.92,9.3760
2,1,174,18_4,dose_rate,0.995,10,200,2000,37.73,9.6410
2,1,175,18_5,dose_rate,0.995,10,200,1600,38.83,9.9760
2,1,176,18_6,dose_rate,0.995,10,200,1600,38.72,9.8880
2,1,177,18_7,dose_rate,0.995,10,200,1600,37.68,10.1200
2,1,178,18_8,dose_rate,0.995,10,200,1600,43.81,9.6310
2,1,179,18_9,dose_rate,0.995,10,200,1600,38.15,10.4600
2,1,180,18_10,dose_rate,0.995,10,200,1200,38.12,9.3780
2,1,181,19_1,dose_rate,0.995,10,200,1200,40.46,10.4100
2,1,182,19_2,dose_rate,0.995,10,200,1200,38.59,11.0300
2,1,183,19_3,dose_rate,0.995,10,200,1200,37.57,10.5500
2,1,184,19_4,dose_rate,0.995,10,200,1200,39.95,9.9890
2,1,185,19_5,dose_rate,0.995,10,200,800,41.33,10.5800
2,1,186,19_6,dose_rate,0.995,10,200,800,39.31,9.7960
2,1,187,19_7,dose_rate,0.995,10,200,800,37.92,9.5650
2,1,188,19_8,dose_rate,0.995,10,200,800,37.23,9.4870
2,1,189,19_9,dose_rate,0.995,10,200,800,39.74,10.2300
2,1,190,19_10,dose_rate,0.995,10,,,40.89,lost
2,1,191,20_1,dose_rate,0.995,10,200,4000,39.570,9.5310
2,1,192,20_2,dose_rate,0.995,10,200,4000,38.48,9.9680
2,1,193,20_3,dose_rate,0.995,10,200,4000,39.22,10.6800
2,1,194,20_4,dose_rate,0.995,10,200,4000,39.22,9.5990
2,1,195,20_5,dose_rate,0.995,10,200,0,38.88,0.5964
2,1,196,20_6,dose_rate,0.995,10,200,0,41.82,0.5696
2,1,197,20_7,dose_rate,0.995,10,200,0,43.23,0.5064
2,1,198,20_8,dose_rate,0.995,10,200,0,37.79,0.4709
2,1,199,20_9,dose_rate,0.995,10,,,37.25,lost
2,1,200,20_10,,,,,,39.36,
2,1,201,21_1,,,,,,38.93,
2,1,202,21_2,,,,,,40.47,
2,1,203,21_3,,,,,,40.86,
2,1,204,21_4,,,,,,38.95,
2,1,205,21_5,,,,,,38.42,
2,1,206,21_6,,,,,,36.37,
2,1,207,21_7,,,,,,39.8,
2,1,208,21_8,,,,,,39.61,
2,1,209,21_9,,,,,,40.9,
2,1,210,21_10,energy_resp,1.004,0.06,200,0.06,38.83,35.7000
2,1,211,22_1,energy_resp,1.004,0.06,200,0.06,40.61,38.0800
2,1,212,22_2,energy_resp,1.004,0.06,200,0.06,36.19,33.6100
2,1,213,22_3,energy_resp,1.004,0.06,200,0.06,36.96,39.9200
2,1,214,22_4,energy_resp,1.004,0.06,200,0.06,39.4,38.2300
2,1,215,22_5,energy_resp,1.002,0.1,200,0.1,40.85,36.4700
2,1,216,22_6,energy_resp,1.002,0.1,200,0.1,36.84,35.0700
2,1,217,22_7,energy_resp,1.002,0.1,200,0.1,40.11,35.8100
2,1,218,22_8,energy_resp,1.002,0.1,200,0.1,39.06,38.0800
2,1,219,22_9,energy_resp,1.002,0.1,200,0.1,39.5,35.7600
2,1,220,22_10,energy_resp,1.006,0.18,200,0.18,38.85,28.4100
2,1,221,23_1,energy_resp,1.006,0.18,200,0.18,39.57,27.1900
2,1,222,23_2,energy_resp,1.006,0.18,200,0.18,39.34,28.5700
2,1,223,23_3,energy_resp,1.006,0.18,200,0.18,38.95,26.6900
2,1,224,23_4,energy_resp,1.006,0.18,200,0.18,40.69,30.3900
2,1,225,23_5,energy_resp,1.003,0.22,200,0.22,40.06,17.7800
2,1,226,23_6,energy_resp,1.003,0.22,200,0.22,38.26,16.4800
2,1,227,23_7,energy_resp,1.003,0.22,200,0.22,39.61,16.2500
2,1,228,23_8,energy_resp,1.003,0.22,200,0.22,37.92,18.0000
2,1,229,23_9,energy_resp,1.003,0.22,200,0.22,41.71,19.6600
2,1,230,23_10,energy_resp,1.002,0.15,200,0.15,37.58,29.1400
2,1,231,24_1,energy_resp,1.002,0.15,200,0.15,38.09,30.2800
2,1,232,24_2,energy_resp,1.002,0.15,200,0.15,37.5,32.2500
2,1,233,24_3,energy_resp,1.002,0.15,200,0.15,39.16,29.9800
2,1,234,24_4,energy_resp,1.002,0.15,200,0.15,37.38,27.9300
2,1,235,24_5,energy_resp,0.995,6,200,6,38.74,9.8480
2,1,236,24_6,energy_resp,0.995,6,200,6,37.58,10.8800
2,1,237,24_7,energy_resp,0.995,6,200,6,38.2,9.6720
2,1,238,24_8,energy_resp,0.995,6,200,6,38.61,9.8810
2,1,239,24_9,energy_resp,0.995,6,200,6,38.13,9.9670
2,1,240,24_10,energy_resp,0.995,10,200,10,38.39,9.4850
2,1,241,25_1,energy_resp,0.995,10,200,10,37.15,9.6220
2,1,242,25_2,energy_resp,0.995,10,200,10,38.18,9.5930
2,1,243,25_3,energy_resp,0.995,10,200,10,38.61,10.0100
2,1,244,25_4,energy_resp,0.995,10,200,10,38.83,9.6070
2,1,245,25_5,energy_resp,0.995,10,200,10,39.06,9.2640
2,1,246,25_6,energy_resp,0.995,10,200,10,38.46,9.8590
2,1,247,25_7,energy_resp,0.995,10,200,10,36.12,8.9480
2,1,248,25_8,energy_resp,0.995,10,200,10,39.73,10.1400
2,1,249,25_9,energy_resp,0.995,10,200,10,37.52,9.6150
2,1,250,25_10,energy_resp,0.000,0,200,0,36.83,0.6445
2,1,251,26_1,energy_resp,0.000,0,200,0,42.19,0.6133
2,1,252,26_2,energy_resp,0.000,0,200,0,37.97,0.6052
2,1,253,26_3,energy_resp,0.000,0,200,0,38.49,0.6589
2,1,254,26_4,energy_resp,0.000,0,200,0,41.88,0.8209
2,1,255,26_5,,,,,,38.09,
2,1,256,26_6,,,,,,37.63,
2,1,257,26_7,,,,,,38.82,
2,1,258,26_8,,,,,,42.78,
2,1,259,26_9,,,,,,39.05,
2,1,260,26_10,,,,,,40.41,
2,1,261,27_1,,,,,,39.35,
2,1,262,27_2,,,,,,36.07,
2,1,263,27_3,,,,,,42.15,
2,1,264,27_4,,,,,,lost,
2,1,265,27_5,,,,,,38.04,
2,1,266,27_6,,,,,,40.72,
2,1,267,27_7,,,,,,37.86,
2,1,268,27_8,,,,,,41.14,
2,1,269,27_9,,,,,,39.12,
2,1,270,27_10,,,,,,35.72,
2,1,271,28_1,,,,,,39.34,
2,1,272,28_2,,,,,,34.69,
2,1,273,28_3,,,,,,39.85,
2,1,274,28_4,,,,,,38.93,
2,1,275,28_5,,,,,,37.71,
2,1,276,28_6,,,,,,39.2,
2,1,277,28_7,,,,,,37.23,
2,1,278,28_8,,,,,,38.89,
2,1,279,28_9,,,,,,36.03,
2,1,280,28_10,,,,,,26,
2,1,281,29_1,,,,,,34.07,
2,1,282,29_2,,,,,,39.63,
2,1,283,29_3,,,,,,lost,
2,1,284,29_4,,,,,,40.32,
2,1,285,29_5,,,,,,38.38,
2,1,286,29_6,,,,,,37.19,
2,1,287,29_7,,,,,,37.12,
2,1,288,29_8,,,,,,35.08,
2,1,289,29_9,,,,,,34.07,
2,1,290,29_10,,,,,,34.48,
2,1,291,30_1,,,,,,34.78,
2,1,292,30_2,,,,,,38.12,
2,1,293,30_3,,,,,,37.8,
2,1,294,30_4,,,,,,36.75,
2,1,295,30_5,,,,,,36.26,
2,1,296,30_6,,,,,,37.21,
2,1,297,30_7,,,,,,39.91,
2,1,298,30_8,,,,,,36.25,
2,1,299,30_9,,,,,,32.75,
2,1,300,30_10,,,,,,37.70,
3,1.5,1,1_1,linearity,0.995,6,10,10,110.2,1.9110
3,1.5,2,1_2,linearity,0.995,6,10,10,109.6,1.8120
3,1.5,3,1_3,linearity,0.995,6,10,10,103.2,1.7940
3,1.5,4,1_4,linearity,0.995,6,10,10,108.3,1.9590
3,1.5,5,1_5,linearity,0.995,6,10,10,107.2,2.2970
3,1.5,6,1_6,linearity,0.995,6,25,25,114.6,3.5110
3,1.5,7,1_7,linearity,0.995,6,25,25,114.5,3.8540
3,1.5,8,1_8,linearity,0.995,6,25,25,117.2,3.9090
3,1.5,9,1_9,linearity,0.995,6,25,25,113.5,3.7230
3,1.5,10,1_10,linearity,0.995,6,25,25,102,3.6320
3,1.5,11,2_1,linearity,0.995,6,50,50,115,6.9740
3,1.5,12,2_2,linearity,0.995,6,50,50,111.5,6.4610
3,1.5,13,2_3,linearity,0.995,6,50,50,109.1,7.0050
3,1.5,14,2_4,linearity,0.995,6,50,50,112.5,7.4050
3,1.5,15,2_5,linearity,0.995,6,50,50,98.54,6.4060
3,1.5,16,2_6,linearity,0.995,6,100,100,111,13.5800
3,1.5,17,2_7,linearity,0.995,6,100,100,106.1,13.9300
3,1.5,18,2_8,linearity,0.995,6,100,100,111.7,13.1500
3,1.5,19,2_9,linearity,0.995,6,100,100,110.3,12.5500
3,1.5,20,2_10,linearity,0.995,6,100,100,100.4,11.8800
3,1.5,21,3_1,linearity,0.995,6,250,250,115.9,30.8600
3,1.5,22,3_2,linearity,0.995,6,250,250,115.6,38.3100
3,1.5,23,3_3,linearity,0.995,6,250,250,111,35.5100
3,1.5,24,3_4,linearity,0.995,6,250,250,109.8,31.6900
3,1.5,25,3_5,linearity,0.995,6,250,250,112.8,31.0500
3,1.5,26,3_6,linearity,0.995,6,500,500,117.9,66.6000
3,1.5,27,3_7,linearity,0.995,6,500,500,111.3,62.4100
3,1.5,28,3_8,linearity,0.995,6,500,500,126.6,63.2800
3,1.5,29,3_9,linearity,0.995,6,500,500,130.6,64.0700
3,1.5,30,3_10,linearity,0.995,6,500,500,105.2,62.5000
3,1.5,31,4_1,linearity,0.995,6,1000,1000,112.8,130.4000
3,1.5,32,4_2,linearity,0.995,6,1000,1000,106.9,130.5000
3,1.5,33,4_3,linearity,0.995,6,1000,1000,111.1,135.7000
3,1.5,34,4_4,linearity,0.995,6,1000,1000,113.4,126.0000
3,1.5,35,4_5,linearity,0.995,6,1000,1000,109.9,120.9000
3,1.5,36,4_6,linearity,0.995,6,2000,2000,110.3,268.0000
3,1.5,37,4_7,linearity,0.995,6,2000,2000,111,254.7000
3,1.5,38,4_8,linearity,0.995,6,2000,2000,108.9,254.1000
3,1.5,39,4_9,linearity,0.995,6,2000,2000,107.4,244.3000
3,1.5,40,4_10,linearity,0.995,6,2000,2000,109.8,258.8000
3,1.5,41,5_1,linearity,0.995,6,3000,3000,105.500,382.3000
3,1.5,42,5_2,linearity,0.995,6,3000,3000,118.5,384.6000
3,1.5,43,5_3,linearity,0.995,6,3000,3000,117.9,373.8000
3,1.5,44,5_4,linearity,0.995,6,3000,3000,108.7,419.1000
3,1.5,45,5_5,linearity,0.995,6,3000,3000,107.7,383.1000
3,1.5,46,5_6,linearity,0.995,6,5000,5000,104.9,597.0000
3,1.5,47,5_7,linearity,0.995,6,5000,5000,113.2,772.4000
3,1.5,48,5_8,linearity,0.995,6,5000,5000,110.6,656.7000
3,1.5,49,5_9,linearity,0.995,6,5000,5000,118.4,709.6000
3,1.5,50,5_10,linearity,0.995,6,5000,5000,110.2,626.1000
3,1.5,51,6_1,linearity,0.995,6,0,0,96.88,0.6247
3,1.5,52,6_2,linearity,0.995,6,0,0,104.3,0.7103
3,1.5,53,6_3,linearity,0.995,6,0,0,110,0.7295
3,1.5,54,6_4,linearity,0.995,6,0,0,104.4,0.6757
3,1.5,55,6_5,linearity,0.995,6,0,0,107,1.2020
3,1.5,56,6_6,linearity,0.995,10,10,10,111.3,2.0880
3,1.5,57,6_7,linearity,0.995,10,10,10,115.5,2.0060
3,1.5,58,6_8,linearity,0.995,10,10,10,109.4,1.7440
3,1.5,59,6_9,linearity,0.995,10,10,10,116.1,1.7980
3,1.5,60,6_10,linearity,0.995,10,10,10,114.1,1.9710
3,1.5,61,7_1,linearity,0.995,10,25,25,115.2,3.6170
3,1.5,62,7_2,linearity,0.995,10,25,25,106.5,3.4060
3,1.5,63,7_3,linearity,0.995,10,25,25,109,3.4550
3,1.5,64,7_4,linearity,0.995,10,25,25,92.58,3.0330
3,1.5,65,7_5,linearity,0.995,10,25,25,108.7,3.6130
3,1.5,66,7_6,linearity,0.995,10,50,50,96.48,6.8060
3,1.5,67,7_7,linearity,0.995,10,50,50,106.8,7.6400
3,1.5,68,7_8,linearity,0.995,10,50,50,109.6,6.7950
3,1.5,69,7_9,linearity,0.995,10,50,50,110.3,7.0110
3,1.5,70,7_10,linearity,0.995,10,50,50,110.6,6.9790
3,1.5,71,8_1,linearity,0.995,10,100,100,111.7,12.9700
3,1.5,72,8_2,linearity,0.995,10,100,100,107.7,12.7700
3,1.5,73,8_3,linearity,0.995,10,100,100,110.5,13.6200
3,1.5,74,8_4,linearity,0.995,10,100,100,107.4,13.0400
3,1.5,75,8_5,linearity,0.995,10,100,100,110.3,13.3500
3,1.5,76,8_6,linearity,0.995,10,250,250,107.00,35.6900
3,1.5,77,8_7,linearity,0.995,10,250,250,104.90,32.6200
3,1.5,78,8_8,linearity,0.995,10,250,250,105.70,31.7000
3,1.5,79,8_9,linearity,0.995,10,250,250,103.10,32.2000
3,1.5,80,8_10,linearity,0.995,10,250,250,108.00,31.7400
3,1.5,81,9_1,linearity,0.995,10,500,500,106.4,62.6300
3,1.5,82,9_2,linearity,0.995,10,500,500,114.5,65.6500
3,1.5,83,9_3,linearity,0.995,10,500,500,103.7,62.9400
3,1.5,84,9_4,linearity,0.995,10,500,500,112.8,65.8600
3,1.5,85,9_5,linearity,0.995,10,500,500,112.5,64.4700
3,1.5,86,9_6,linearity,0.995,10,1000,1000,111.9,125.9000
3,1.5,87,9_7,linearity,0.995,10,1000,1000,105.5,120.8000
3,1.5,88,9_8,linearity,0.995,10,1000,1000,107.2,124.7000
3,1.5,89,9_9,linearity,0.995,10,1000,1000,116.3,130.9000
3,1.5,90,9_10,linearity,0.995,10,1000,1000,107.9,126.7000
3,1.5,91,10_1,linearity,0.995,10,2000,2000,111.50,268.2000
3,1.5,92,10_2,linearity,0.995,10,2000,2000,109.80,258.2000
3,1.5,93,10_3,linearity,0.995,10,2000,2000,108.80,257.5000
3,1.5,94,10_4,linearity,0.995,10,2000,2000,109.5,286.8000
3,1.5,95,10_5,linearity,0.995,10,2000,2000,107.6,269.0000
3,1.5,96,10_6,linearity,0.995,10,3000,3000,108.7,375.5000
3,1.5,97,10_7,linearity,0.995,10,3000,3000,110.2,391.3000
3,1.5,98,10_8,linearity,0.995,10,3000,3000,112.7,379.5000
3,1.5,99,10_9,linearity,0.995,10,3000,3000,105.7,390.5000
3,1.5,100,10_10,linearity,0.995,10,3000,3000,106.2,396.1000
3,1.5,101,11_1,linearity,0.995,10,5000,5000,104.2,627.9000
3,1.5,102,11_2,linearity,0.995,10,5000,5000,112.3,639.2000
3,1.5,103,11_3,linearity,0.995,10,5000,5000,101.4,627.9000
3,1.5,104,11_4,linearity,0.995,10,5000,5000,105.2,673.6000
3,1.5,105,11_5,linearity,0.995,10,5000,5000,104.3,608.4000
3,1.5,106,11_6,linearity,0.995,10,0,0,104.6,0.4773
3,1.5,107,11_7,linearity,0.995,10,0,0,124.2,0.4136
3,1.5,108,11_8,linearity,0.995,10,0,0,105.5,0.4543
3,1.5,109,11_9,linearity,0.995,10,0,0,103.7,0.6011
3,1.5,110,11_10,linearity,0.995,10,0,0,105.6,0.5069
3,1.5,111,12_1,dose_rate,0.995,6,200,600,104.4,24.3100
3,1.5,112,12_2,dose_rate,0.995,6,200,600,105.6,26.3800
3,1.5,113,12_3,dose_rate,0.995,6,200,600,99.24,24.0700
3,1.5,114,12_4,dose_rate,0.995,6,200,600,103.4,23.7400
3,1.5,115,12_5,dose_rate,0.995,6,200,600,102.2,26.3900
3,1.5,116,12_6,dose_rate,0.995,6,200,500,108.1,23.9100
3,1.5,117,12_7,dose_rate,0.995,6,200,500,95.26,21.9100
3,1.5,118,12_8,dose_rate,0.995,6,200,500,101.1,23.6900
3,1.5,119,12_9,dose_rate,0.995,6,200,500,101.9,25.4500
3,1.5,120,12_10,dose_rate,0.995,6,200,500,96.06,22.8000
3,1.5,121,13_1,dose_rate,0.995,6,200,400,109.3,24.9600
3,1.5,122,13_2,dose_rate,0.995,6,200,400,108.8,25.5400
3,1.5,123,13_3,dose_rate,0.995,6,200,400,109.4,26.4500
3,1.5,124,13_4,dose_rate,0.995,6,200,400,103.2,24.1400
3,1.5,125,13_5,dose_rate,0.995,6,200,400,107,24.1200
3,1.5,126,13_6,dose_rate,0.995,6,200,300,106.1,24.5100
3,1.5,127,13_7,dose_rate,0.995,6,200,300,106,25.3000
3,1.5,128,13_8,dose_rate,0.995,6,200,300,111.7,26.3400
3,1.5,129,13_9,dose_rate,0.995,6,200,300,106.9,25.2500
3,1.5,130,13_10,dose_rate,0.995,6,200,300,101.8,24.2200
3,1.5,131,14_1,dose_rate,0.995,6,200,200,112.6,25.2700
3,1.5,132,14_2,dose_rate,0.995,6,200,200,100.1,24.1600
3,1.5,133,14_3,dose_rate,0.995,6,200,200,101.2,25.9300
3,1.5,134,14_4,dose_rate,0.995,6,200,200,106.5,25.0500
3,1.5,135,14_5,dose_rate,0.995,6,200,200,89.85,21.0900
3,1.5,136,14_6,dose_rate,0.995,6,200,100,103.8,25.0700
3,1.5,137,14_7,dose_rate,0.995,6,200,100,101.6,24.2100
3,1.5,138,14_8,dose_rate,0.995,6,200,100,107.3,25.7200
3,1.5,139,14_9,dose_rate,0.995,6,200,100,107.9,25.0500
3,1.5,140,14_10,dose_rate,0.995,6,200,100,104.2,24.9800
3,1.5,141,15_1,dose_rate,0.995,6,200,80,107.6,25.6500
3,1.5,142,15_2,dose_rate,0.995,6,200,80,105.7,24.9600
3,1.5,143,15_3,dose_rate,0.995,6,200,80,109.5,26.0500
3,1.5,144,15_4,dose_rate,0.995,6,200,80,101.7,24.8700
3,1.5,145,15_5,dose_rate,0.995,6,200,80,104.30,24.6200
3,1.5,146,15_6,dose_rate,0.995,6,200,60,106.90,25.6200
3,1.5,147,15_7,dose_rate,0.995,6,200,60,105.00,24.8300
3,1.5,148,15_8,dose_rate,0.995,6,200,60,102.90,25.3800
3,1.5,149,15_9,dose_rate,0.995,6,200,60,98.52,24.3900
3,1.5,150,15_10,dose_rate,0.995,6,200,60,102.40,23.6300
4,1.5,151,16_1,dose_rate,0.995,6,200,0,109.00,0.7413
4,1.5,152,16_2,dose_rate,0.995,6,200,0,107.20,0.6470
4,1.5,153,16_3,dose_rate,0.995,6,200,0,104.00,0.8861
4,1.5,154,16_4,dose_rate,0.995,6,200,0,98.57,0.9491
4,1.5,155,16_5,dose_rate,0.995,6,200,0,100.40,0.7978
4,1.5,156,16_6,dose_rate,0.995,10,200,2400,103.60,24.7900
4,1.5,157,16_7,dose_rate,0.995,10,200,2400,100.50,23.9100
4,1.5,158,16_8,dose_rate,0.995,10,200,2400,104.90,25.9200
4,1.5,159,16_9,dose_rate,0.995,10,200,2400,100.80,24.8300
4,1.5,160,16_10,dose_rate,0.995,10,200,2400,102.60,24.4000
4,1.5,161,17_1,dose_rate,0.995,10,200,2000,100.80,23.2600
4,1.5,162,17_2,dose_rate,0.995,10,200,2000,108.20,26.0200
4,1.5,163,17_3,dose_rate,0.995,10,200,2000,103,24.4200
4,1.5,164,17_4,dose_rate,0.995,10,200,2000,99.53,24.3200
4,1.5,165,17_5,dose_rate,0.995,10,200,2000,103,24.7800
4,1.5,166,17_6,dose_rate,0.995,10,200,1600,102.8,24.1800
4,1.5,167,17_7,dose_rate,0.995,10,200,1600,103,22.6400
4,1.5,168,17_8,dose_rate,0.995,10,200,1600,104.7,25.2100
4,1.5,169,17_9,dose_rate,0.995,10,200,1600,99.9,24.7700
4,1.5,170,17_10,dose_rate,0.995,10,200,1600,102,24.3500
4,1.5,171,18_1,dose_rate,0.995,10,200,1200,101.6,23.9200
4,1.5,172,18_2,dose_rate,0.995,10,200,1200,106.3,23.9200
4,1.5,173,18_3,dose_rate,0.995,10,200,1200,102.3,25.1200
4,1.5,174,18_4,dose_rate,0.995,10,200,1200,100.8,24.4300
4,1.5,175,18_5,dose_rate,0.995,10,200,1200,98.79,24.6100
4,1.5,176,18_6,dose_rate,0.995,10,200,800,95.29,23.9200
4,1.5,177,18_7,dose_rate,0.995,10,200,800,95.94,23.7200
4,1.5,178,18_8,dose_rate,0.995,10,200,800,100.8,23.2600
4,1.5,179,18_9,dose_rate,0.995,10,200,800,100.9,24.2500
4,1.5,180,18_10,dose_rate,0.995,10,200,800,104.5,25.5600
4,1.5,181,19_1,dose_rate,0.995,10,200,400,103,24.8300
4,1.5,182,19_2,dose_rate,0.995,10,200,400,101.3,25.2000
4,1.5,183,19_3,dose_rate,0.995,10,200,400,105.10,24.4500
4,1.5,184,19_4,dose_rate,0.995,10,200,400,105.80,24.5700
4,1.5,185,19_5,dose_rate,0.995,10,200,400,101.70,23.7400
4,1.5,186,19_6,dose_rate,0.995,10,200,0,107.90,0.5071
4,1.5,187,19_7,dose_rate,0.995,10,200,0,105.00,0.5529
4,1.5,188,19_8,dose_rate,0.995,10,200,0,105.00,0.5780
4,1.5,189,19_9,dose_rate,0.995,10,200,0,115.30,0.7344
4,1.5,190,19_10,dose_rate,0.995,10,200,0,97.84,0.7649
4,1.5,191,20_1,,,,,,106.50,
4,1.5,192,20_2,,,,,,120.20,
4,1.5,193,20_3,,,,,,130.60,
4,1.5,194,20_4,,,,,,104.10,
4,1.5,195,20_5,,,,,,92.96,
4,1.5,196,20_6,,,,,,99.25,
4,1.5,197,20_7,,,,,,101.30,
4,1.5,198,20_8,,,,,,101.50,
4,1.5,199,20_9,,,,,,102.30,
4,1.5,200,20_10,,,,,,109.00,
4,1.5,201,21_1,energy_resp,1.004,0.06,200,0.06,97.41,94.2700
4,1.5,202,21_2,energy_resp,1.004,0.06,200,0.06,102.70,90.6100
4,1.5,203,21_3,energy_resp,1.004,0.06,200,0.06,103.30,93.0700
4,1.5,204,21_4,energy_resp,1.004,0.06,200,0.06,105.70,87.4500
4,1.5,205,21_5,energy_resp,1.004,0.06,200,0.06,102.10,90.3500
4,1.5,206,21_6,energy_resp,,,,,101.80,lost
4,1.5,207,21_7,energy_resp,1.002,0.1,200,0.1,103.10,91.3500
4,1.5,208,21_8,energy_resp,1.002,0.1,200,0.1,97.65,90.3400
4,1.5,209,21_9,energy_resp,1.002,0.1,200,0.1,108.60,89.7500
4,1.5,210,21_10,energy_resp,1.002,0.1,200,0.1,103.90,93.2400
4,1.5,211,22_1,energy_resp,1.002,0.1,200,0.1,106.70,90.0400
4,1.5,212,22_2,energy_resp,1.002,0.15,200,0.15,104.40,73.6900
4,1.5,213,22_3,energy_resp,1.002,0.15,200,0.15,104.10,76.6400
4,1.5,214,22_4,energy_resp,1.002,,,,104.10,-
4,1.5,215,22_5,energy_resp,1.002,0.15,200,0.15,103.00,73.4100
4,1.5,216,22_6,energy_resp,1.002,0.15,200,0.15,99.29,74.9400
4,1.5,217,22_7,energy_resp,1.002,0.15,200,0.15,103.50,75.0900
4,1.5,218,22_8,energy_resp,1.006,0.18,200,0.18,97.11,65.4000
4,1.5,219,22_9,energy_resp,1.006,0.18,200,0.18,101.90,67.2200
4,1.5,220,22_10,energy_resp,1.006,0.18,200,0.18,102.00,66.8100
4,1.5,221,23_1,energy_resp,1.006,0.18,200,0.18,98.01,68.7100
4,1.5,222,23_2,energy_resp,1.006,0.18,200,0.18,104.00,69.6700
4,1.5,223,23_3,energy_resp,1.003,0.22,200,0.22,103.50,42.3600
4,1.5,224,23_4,energy_resp,1.003,0.22,200,0.22,101.90,42.0100
4,1.5,225,23_5,energy_resp,1.003,0.22,200,0.22,101.80,42.5600
4,1.5,226,23_6,energy_resp,1.003,0.22,200,0.22,101.40,42.3200
4,1.5,227,23_7,energy_resp,1.003,0.22,200,0.22,100.70,41.3600
4,1.5,228,23_8,energy_resp,,,,,102.80,-
4,1.5,229,23_9,energy_resp,0.995,6,200,6,105.00,25.6300
4,1.5,230,23_10,energy_resp,0.995,6,200,6,103.20,25.9900
4,1.5,231,24_1,energy_resp,0.995,6,200,6,95.21,22.5400
4,1.5,232,24_2,energy_resp,0.995,6,200,6,102.30,25.2300
4,1.5,233,24_3,energy_resp,0.995,6,200,6,101.90,23.3000
4,1.5,234,24_4,energy_resp,0.995,10,200,10,102.00,23.5300
4,1.5,235,24_5,energy_resp,0.995,10,200,10,96.56,22.5800
4,1.5,236,24_6,energy_resp,0.995,10,200,10,104.40,24.4100
4,1.5,237,24_7,energy_resp,0.995,10,200,10,108.20,26.7700
4,1.5,238,24_8,energy_resp,0.995,10,200,10,104.10,23.8600
4,1.5,239,24_9,energy_resp,0.995,10,200,10,104.20,24.1800
4,1.5,240,24_10,energy_resp,0.995,10,200,10,101.90,24.1900
4,1.5,241,25_1,energy_resp,0.995,10,200,10,102.80,23.7700
4,1.5,242,25_2,energy_resp,0.995,10,200,10,97.40,24.6200
4,1.5,243,25_3,energy_resp,0.995,10,200,10,97.47,23.3200
4,1.5,244,25_4,energy_resp,0.000,0,200,0,103.90,0.6190
4,1.5,245,25_5,energy_resp,0.000,0,200,0,94.77,0.4692
4,1.5,246,25_6,energy_resp,0.000,0,200,0,101.40,0.5964
4,1.5,247,25_7,energy_resp,0.000,0,200,0,102.50,0.5840
4,1.5,248,25_8,energy_resp,0.000,0,200,0,99.12,0.5191
4,1.5,249,25_9,,,,,,99.43,
4,1.5,250,25_10,,,,,,98.18,
4,1.5,251,26_1,,,,,,96.77,
4,1.5,252,26_2,,,,,,102.50,
4,1.5,253,26_3,,,,,,104.90,
4,1.5,254,26_4,,,,,,100.70,
4,1.5,255,26_5,,,,,,101.40,
4,1.5,256,26_6,,,,,,100.60,
4,1.5,257,26_7,,,,,,108.70,
4,1.5,258,26_8,,,,,,94.28,
4,1.5,259,26_9,,,,,,101.90,
4,1.5,260,26_10,,,,,,101.30,
4,1.5,261,27_1,,,,,,100.40,
4,1.5,262,27_2,,,,,,102.60,
4,1.5,263,27_3,,,,,,96.69,
4,1.5,264,27_4,,,,,,106.40,
4,1.5,265,27_5,,,,,,98.98,
4,1.5,266,27_6,,,,,,101.70,
4,1.5,267,27_7,,,,,,100.10,
4,1.5,268,27_8,,,,,,100.80,
4,1.5,269,27_9,,,,,,92.44,
4,1.5,270,27_10,,,,,,92.70,
4,1.5,271,28_1,,,,,,99.19,
4,1.5,272,28_2,,,,,,99.65,
4,1.5,273,28_3,,,,,,97.42,
4,1.5,274,28_4,,,,,,101.50,
4,1.5,275,28_5,,,,,,103.20,
4,1.5,276,28_6,,,,,,99.92,
4,1.5,277,28_7,,,,,,102.50,
4,1.5,278,28_8,,,,,,95.67,
4,1.5,279,28_9,,,,,,92.64,
4,1.5,280,28_10,,,,,,92.97,
4,1.5,281,29_1,,,,,,99.19,
4,1.5,282,29_2,,,,,,96.34,
4,1.5,283,29_3,,,,,,97.41,
4,1.5,284,29_4,,,,,,95.96,
4,1.5,285,29_5,,,,,,97.28,
4,1.5,286,29_6,,,,,,95.62,
4,1.5,287,29_7,,,,,,95.98,
4,1.5,288,29_8,,,,,,97.12,
4,1.5,289,29_9,,,,,,99.73,
4,1.5,290,29_10,,,,,,99.99,
4,1.5,291,30_1,,,,,,106.40,
4,1.5,292,30_2,,,,,,102.10,
4,1.5,293,30_3,,,,,,99.79,
4,1.5,294,30_4,,,,,,102.30,
4,1.5,295,30_5,,,,,,97.27,
4,1.5,296,30_6,,,,,,98.60,
4,1.5,297,30_7,,,,,,104.80,
4,1.5,298,30_8,,,,,,93.43,
4,1.5,299,30_9,,,,,,105.90,
4,1.5,300,30_10,,,,,,84.85,