group,bead_size,bead_number,bead_id,experiment,e_factor,beam_energy,dose_level,exp_variable,scf_count,raw_bead,scf_bead,calibrated_count,is_control,mean_control,adjusted_count
1,1.0,1,1_1,linearity,0.995,6.0,10.0,10.0,40.85,0.8636,0.9765717062151664,0.8433673254874178,False,0.6119210270120786,0.2457825640692952
1,1.0,2,1_2,linearity,0.995,6.0,10.0,10.0,40.84,0.8628,0.9768119779634031,0.8427933745868242,False,0.6119210270120786,0.24506158583375867
1,1.0,3,1_3,linearity,0.995,6.0,10.0,10.0,40.75,0.9771,0.9789797558986748,0.9565611194885951,False,0.6119210270120786,0.357502821835044
1,1.0,4,1_4,linearity,0.995,6.0,10.0,10.0,42.97,0.8508,0.9281705880128085,0.7896875362812975,False,0.6119210270120786,0.22172043682209477
1,1.0,5,1_5,linearity,0.995,6.0,10.0,10.0,43.52,0.9164,0.9163875503280119,0.83977755112059,False,0.6119210270120786,0.27902074018279016
1,1.0,6,1_6,linearity,0.995,6.0,25.0,25.0,41.46,1.638,0.9621353451298924,1.5759776953227638,False,0.6119210270120786,0.9872268468062593
1,1.0,7,1_7,linearity,0.995,6.0,25.0,25.0,40.44,1.649,0.986520760898002,1.6267727347208054,False,0.6119210270120786,1.0230999375433627
1,1.0,10,1_10,linearity,0.995,6.0,25.0,25.0,39.96,1.651,0.9984291304783234,1.6484064944197119,False,0.6119210270120786,1.0374467154986395
1,1.0,11,2_1,linearity,0.995,6.0,25.0,25.0,41.84,1.705,0.9533559931435694,1.625471968309786,False,0.6119210270120786,1.0420933898772529
1,1.0,12,2_2,linearity,0.995,6.0,50.0,50.0,41.72,2.655,0.956111060899059,2.538474866687001,False,0.6119210270120786,1.9534104043640412
1,1.0,13,2_3,linearity,0.995,6.0,50.0,50.0,38.5,2.916,1.0364849150212492,3.0223900122019627,False,0.6119210270120786,2.388143098519633
1,1.0,14,2_4,linearity,0.995,6.0,50.0,50.0,41.85,2.897,0.9531271206913611,2.761209268642873,False,0.6119210270120786,2.17797074207635
1,1.0,15,2_5,linearity,0.995,6.0,50.0,50.0,40.61,2.716,0.9823710456305483,2.6681197599325697,False,0.6119210270120786,2.066986260783395
1,1.0,16,2_6,linearity,0.995,6.0,50.0,50.0,40.02,2.869,0.9969248856549058,2.860177496943925,False,0.6119210270120786,2.250138197060076
1,1.0,17,2_7,linearity,0.995,6.0,100.0,100.0,41.43,5.312,0.9628353435217045,5.114581344787295,False,0.6119210270120786,4.525402152535966
1,1.0,18,2_8,linearity,0.995,6.0,100.0,100.0,41.58,5.774,0.959345500274683,5.539260918586019,False,0.6119210270120786,4.952217234798519
1,1.0,19,2_9,linearity,0.995,6.0,100.0,100.0,39.89,5.304,1.0001898302685581,5.305006859744433,False,0.6119210270120786,4.69296967159946
1,1.0,20,2_10,linearity,0.995,6.0,100.0,100.0,41.05,5.354,0.9717909721319973,5.202968864794713,False,0.6119210270120786,4.608309535086636
1,1.0,21,3_1,linearity,0.995,6.0,100.0,100.0,45.84,5.294,0.8698097442537965,4.604772786079598,False,0.6119210270120786,4.072517914070702
1,1.0,22,3_2,linearity,0.995,6.0,250.0,250.0,40.15,12.38,0.9936811873666426,12.301773099599036,False,0.6119210270120786,11.693718686903058
1,1.0,23,3_3,linearity,0.995,6.0,250.0,250.0,39.12,12.28,1.019975487857704,12.525298990892605,False,0.6119210270120786,11.901154542835574
1,1.0,24,3_4,linearity,0.995,6.0,250.0,250.0,42.14,15.57,0.9465372916396031,14.73758563082862,False,0.6119210270120786,14.158379559223283
1,1.0,25,3_5,linearity,0.995,6.0,250.0,250.0,40.87,12.47,0.9760915171500125,12.171861218860657,False,0.6119210270120786,11.574570295228444
1,1.0,26,3_6,linearity,0.995,6.0,250.0,250.0,37.2,11.41,1.072897556815689,12.241761123267013,False,0.6119210270120786,11.585232548421606
1,1.0,27,3_7,linearity,0.995,6.0,500.0,500.0,40.13,26.01,0.9941788432866081,25.858591713884678,False,0.6119210270120786,25.250232775067055
1,1.0,28,3_8,linearity,0.995,6.0,500.0,500.0,41.65,27.17,0.9577255497501904,26.021403186712675,False,0.6119210270120786,25.43535078471383
1,1.0,29,3_9,linearity,0.995,6.0,500.0,500.0,38.72,24.03,1.0305659055959489,24.76449871147065,False,0.6119210270120786,24.133873764114746
1,1.0,30,3_10,linearity,0.995,6.0,500.0,500.0,41.76,24.09,0.9551909374016815,23.010549682006506,False,0.6119210270120786,22.42604826259904
1,1.0,31,4_1,linearity,0.995,6.0,500.0,500.0,36.81,22.27,1.0843255546878814,24.147930102899117,False,0.6119210270120786,23.484408495859068
1,1.0,32,4_2,linearity,0.995,6.0,1000.0,1000.0,39.36,58.0,1.0137250742067454,58.796054303991234,False,0.6119210270120786,58.175734615474745
1,1.0,33,4_3,linearity,0.995,6.0,1000.0,1000.0,39.9,47.82,0.9999379216259702,47.817031412153895,False,0.6119210270120786,47.20514837220421
1,1.0,34,4_4,linearity,0.995,6.0,1000.0,1000.0,40.4,50.18,0.9875022645394528,49.55286363458974,False,0.6119210270120786,48.948590234696006
1,1.0,35,4_5,linearity,0.995,6.0,1000.0,1000.0,39.61,54.0,1.0072951694031365,54.393939147769366,False,0.6119210270120786,53.77755405320389
1,1.0,36,4_6,linearity,0.995,6.0,1000.0,1000.0,41.8,57.19,0.9542725831825977,54.57484903221276,False,0.6119210270120786,53.99090957306219
1,1.0,37,4_7,linearity,0.995,6.0,2000.0,2000.0,42.97,98.19,0.9281705880128085,91.13707003697766,False,0.6119210270120786,90.56910293751847
1,1.0,38,4_8,linearity,0.995,6.0,2000.0,2000.0,39.77,94.01,1.0032226640561408,94.3129626479178,False,0.6119210270120786,93.69906960500678
1,1.0,39,4_9,linearity,0.995,6.0,2000.0,2000.0,39.56,111.2,1.0085746166492184,112.15349737139309,False,0.6119210270120786,111.5363293561548
1,1.0,40,4_10,linearity,0.995,6.0,2000.0,2000.0,38.88,94.89,1.0263034571481993,97.38593504879263,False,0.6119210270120786,96.75791838326846
1,1.0,41,5_1,linearity,0.995,6.0,2000.0,2000.0,40.16,98.1,0.9934325461935589,97.45573278158813,False,0.6119210270120786,96.84783051765415
1,1.0,42,5_2,linearity,0.995,6.0,3000.0,3000.0,42.34,146.6,0.9420454218094493,138.10385883726525,False,0.6119210270120786,137.5274014352596
1,1.0,43,5_3,linearity,0.995,6.0,3000.0,3000.0,40.49,150.9,0.9852966216519623,148.68126020728113,False,0.6119210270120786,148.0783364866483
1,1.0,44,5_4,linearity,0.995,6.0,3000.0,3000.0,41.43,146.5,0.9628353435217045,141.05537782592972,False,0.6119210270120786,140.4661986336784
1,1.0,45,5_5,linearity,0.995,6.0,3000.0,3000.0,40.87,150.9,0.9760915171500125,147.2922099379369,False,0.6119210270120786,146.69491901430467
1,1.0,46,5_6,linearity,0.995,6.0,3000.0,3000.0,41.23,148.9,0.9675281562800283,144.0649424700962,False,0.6119210270120786,143.47289164704225
1,1.0,47,5_7,linearity,0.995,6.0,5000.0,5000.0,39.61,259.9,1.0072951694031365,261.7960145278751,False,0.6119210270120786,261.17962943330963
1,1.0,48,5_8,linearity,0.995,6.0,5000.0,5000.0,40.92,259.9,0.9748931079416864,253.37471875404427,False,0.6119210270120786,252.77816116220558
1,1.0,50,5_10,linearity,0.995,6.0,5000.0,5000.0,42.34,245.9,0.9420454218094493,231.64896922294358,False,0.6119210270120786,231.07251182093793
1,1.0,52,6_2,linearity,0.995,6.0,5000.0,5000.0,43.17,273.5,0.923850950516375,252.67323496622856,False,0.6119210270120786,252.10791114378247
1,1.0,53,6_3,linearity,0.995,10.0,0.0,0.0,39.8,0.6478,1.0024627326025755,0.6493953581799484,True,0.6119210270120786,0.0359673333044457
1,1.0,54,6_4,linearity,0.995,10.0,0.0,0.0,39.21,0.5139,1.0176225710616986,0.5229562392686069,True,0.6119210270120786,-0.09974840952613963
1,1.0,55,6_5,linearity,0.995,10.0,0.0,0.0,38.38,0.625,1.0397422130971479,0.6498388831857174,True,0.6119210270120786,0.01359876031949919
1,1.0,56,6_6,linearity,0.995,10.0,0.0,0.0,39.76,0.6495,1.0034762306396383,0.651757811800445,True,0.6119210270120786,0.037709606165228095
1,1.0,57,6_7,linearity,0.995,10.0,0.0,0.0,39.59,0.6184,1.0078065585674707,0.6232275758181238,True,0.6119210270120786,0.006529551470008596
1,1.0,58,6_8,linearity,0.995,10.0,10.0,10.0,40.92,1.511,0.9748931079416864,1.473063486099888,False,0.6119210270120786,0.8765058942612141
1,1.0,59,6_9,linearity,0.995,10.0,10.0,10.0,42.56,1.59,0.9371533504792761,1.490073827262049,False,0.6119210270120786,0.91660998656896
1,1.0,60,6_10,linearity,0.995,10.0,10.0,10.0,42.02,1.499,0.9492530339801329,1.4229302979362193,False,0.6119210270120786,0.8420624064887648
1,1.0,61,7_1,linearity,0.995,10.0,10.0,10.0,39.21,1.336,1.0176225710616986,1.3595437549384295,False,0.6119210270120786,0.7368391061436829
1,1.0,62,7_2,linearity,0.995,10.0,10.0,10.0,37.28,1.359,1.0705830620349834,1.4549223813055425,False,0.6119210270120786,0.7998100944833595
1,1.0,64,7_4,linearity,0.995,10.0,25.0,25.0,39.03,1.655,1.0223393105592011,1.6919715589754778,False,0.6119210270120786,1.066380638103271
1,1.0,65,7_5,linearity,0.995,10.0,25.0,25.0,37.6,1.952,1.0614240869076494,2.0718998176437315,False,0.6119210270120786,1.4223921002878452
1,1.0,66,7_6,linearity,0.995,10.0,25.0,25.0,38.13,1.597,1.046594439478986,1.6714113198479406,False,0.6119210270120786,1.0309781755768286
1,1.0,67,7_7,linearity,0.995,10.0,25.0,25.0,37.51,1.724,1.0639841708738775,1.8343087105865648,False,0.6119210270120786,1.1832344240208266
1,1.0,68,7_8,linearity,0.995,10.0,25.0,25.0,38.42,2.079,1.0386541746717444,2.1593620291425566,False,0.6119210270120786,1.52378769986704
1,1.0,69,7_9,linearity,0.995,10.0,50.0,50.0,37.94,2.989,1.0518628393548444,3.14401802683163,False,0.6119210270120786,2.5003610378977723
1,1.0,70,7_10,linearity,0.995,10.0,50.0,50.0,38.9,2.914,1.0257731289739414,2.9891028978300653,False,0.6119210270120786,2.361410751266938
1,1.0,71,8_1,linearity,0.995,10.0,50.0,50.0,38.7,2.997,1.0311012024042476,3.09021030360553,False,0.6119210270120786,2.459257796876934
1,1.0,72,8_2,linearity,0.995,10.0,50.0,50.0,39.44,2.774,1.0116585916469145,2.8063409332285407,False,0.6119210270120786,2.187285768842368
1,1.0,73,8_3,linearity,0.995,10.0,50.0,50.0,38.07,3.103,1.0482524342151602,3.2527273033696424,False,0.6119210270120786,2.6112795972567904
1,1.0,74,8_4,linearity,0.995,10.0,100.0,100.0,39.58,5.279,1.008062447917731,5.321561662557701,False,0.6119210270120786,4.704707054135573
1,1.0,75,8_5,linearity,0.995,10.0,100.0,100.0,36.61,5.649,1.0902810204900508,6.158997484748297,False,0.6119210270120786,5.491831602958248
1,1.0,76,8_6,linearity,0.995,10.0,100.0,100.0,39.81,5.225,1.00220967789379,5.236545566995052,False,0.6119210270120786,4.6232723916168394
1,1.0,77,8_7,linearity,0.995,10.0,100.0,100.0,38.75,5.473,1.0297640016963259,5.635898381283991,False,0.6119210270120786,5.005764135785908
1,1.0,78,8_8,linearity,0.995,10.0,100.0,100.0,43.81,5.223,0.9102943337898803,4.754467305384545,False,0.6119210270120786,4.1974390617685655
1,1.0,79,8_9,linearity,0.995,10.0,250.0,250.0,38.52,14.14,1.03594401517049,14.648248374510729,False,0.6119210270120786,14.014332448820586
1,1.0,80,8_10,linearity,0.995,10.0,250.0,250.0,37.3,12.61,1.0700059977846588,13.492775632064546,False,0.6119210270120786,12.838016462991074
1,1.0,81,9_1,linearity,0.995,10.0,250.0,250.0,40.48,12.41,0.9855412064021603,12.23056637145081,False,0.6119210270120786,11.627492984266476
1,1.0,82,9_2,linearity,0.995,10.0,250.0,250.0,39.29,12.29,1.0155401841505518,12.48098886321028,False,0.6119210270120786,11.85955847075284
1,1.0,83,9_3,linearity,0.995,10.0,250.0,250.0,39.26,12.2,1.016320079746836,12.399104972911397,False,0.6119210270120786,11.777197345939715
1,1.0,84,9_4,linearity,0.995,10.0,500.0,500.0,38.23,25.28,1.0438427394258438,26.388344452685335,False,0.6119210270120786,25.74959513153677
1,1.0,86,9_6,linearity,0.995,10.0,500.0,500.0,37.95,26.77,1.051584233157426,28.150909921624297,False,0.6119210270120786,27.507423417680894
1,1.0,87,9_7,linearity,0.995,10.0,500.0,500.0,41.08,24.48,0.97107789620021,23.77198689898114,False,0.6119210270120786,23.17776391542958
1,1.0,88,9_8,linearity,0.995,10.0,500.0,500.0,39.44,27.46,1.0116585916469145,27.780144926624274,False,0.6119210270120786,27.1610897622381
1,1.0,89,9_9,linearity,0.995,10.0,500.0,500.0,38.58,23.52,1.0343246976103426,24.32731688779526,False,0.6119210270120786,23.694391856569577
1,1.0,90,9_10,linearity,0.995,10.0,1000.0,1000.0,46.59,60.35,0.8557486426815469,51.64443058583136,False,0.6119210270120786,51.120779997537475
1,1.0,91,10_1,linearity,0.995,10.0,1000.0,1000.0,43.81,52.12,0.9102943337898803,47.44454067712856,False,0.6119210270120786,46.88751243351258
1,1.0,92,10_2,linearity,0.995,10.0,1000.0,1000.0,40.92,49.69,0.9748931079416864,48.44243853362239,False,0.6119210270120786,47.84588094178372
1,1.0,93,10_3,linearity,0.995,10.0,1000.0,1000.0,46.76,50.21,0.8526244306016092,42.8102726605068,False,0.6119210270120786,42.28853384327747
1,1.0,94,10_4,linearity,0.995,10.0,1000.0,1000.0,37.46,49.5,1.0654117831088672,52.737883263888925,False,0.6119210270120786,52.08593539137818
1,1.0,95,10_5,linearity,0.995,10.0,2000.0,2000.0,37.54,99.27,1.0631294384871193,105.53685935861633,False,0.6119210270120786,104.88630810077052
1,1.0,96,10_6,linearity,0.995,10.0,2000.0,2000.0,38.14,97.32,1.0463186168014205,101.82772778711423,False,0.6119210270120786,101.18746342453926
1,1.0,97,10_7,linearity,0.995,10.0,2000.0,2000.0,39.69,97.55,1.0052547920957944,98.06260496894474,False,0.6119210270120786,97.44746842415667
1,1.0,98,10_8,linearity,0.995,10.0,2000.0,2000.0,37.62,114.1,1.0608568515231822,121.04376675879509,False,0.6119210270120786,120.39460614469823
1,1.0,99,10_9,linearity,0.995,10.0,2000.0,2000.0,37.88,110.1,1.0535375816543582,115.99448774014483,False,0.6119210270120786,115.34980594118308
1,1.0,100,10_10,linearity,0.995,10.0,3000.0,3000.0,38.59,146.2,1.0340553034013826,151.17888535728213,False,0.6119210270120786,150.54612517403748
1,1.0,101,11_1,linearity,0.995,10.0,3000.0,3000.0,41.49,152.0,0.9614363638211643,146.13832730081697,False,0.6119210270120786,145.55000417366077
1,1.0,102,11_2,linearity,0.995,10.0,3000.0,3000.0,45.95,151.9,0.8677186025830835,131.80645573237038,False,0.6119210270120786,131.27548047392028
1,1.0,103,11_3,linearity,0.995,10.0,3000.0,3000.0,37.56,156.8,1.0625603794139782,166.6094674921118,False,0.6119210270120786,165.95926445347845
1,1.0,104,11_4,linearity,0.995,10.0,3000.0,3000.0,37.99,140.2,1.0504712826904363,147.27607383319915,False,0.6119210270120786,146.63326836704854
1,1.0,105,11_5,linearity,0.995,10.0,5000.0,5000.0,37.25,246.7,1.071449826415914,264.32667217680597,False,0.6119210270120786,263.67102949863363
1,1.0,106,11_6,linearity,0.995,10.0,5000.0,5000.0,39.41,250.8,1.0124325345391483,253.9180796624184,False,0.6119210270120786,253.29855090610278
1,1.0,107,11_7,linearity,0.995,10.0,5000.0,5000.0,37.34,269.2,1.0688537335646477,287.7354250756032,False,0.6119210270120786,287.0813710012346
1,1.0,108,11_8,linearity,0.995,10.0,5000.0,5000.0,45.48,255.9,0.8767245106401668,224.35380227281868,False,0.6119210270120786,223.81731610986108
1,1.0,110,11_10,linearity,0.995,10.0,0.0,0.0,38.82,0.5604,1.027897736959499,0.5760338917921033,True,0.6119210270120786,-0.05295834707154483
1,1.0,111,12_1,linearity,0.995,10.0,0.0,0.0,39.91,0.5331,0.9996861398432715,0.532932681150448,True,0.6119210270120786,-0.0787962882321871
1,1.0,112,12_2,linearity,0.995,10.0,0.0,0.0,37.54,0.5327,1.0631294384871193,0.5663290518820884,True,0.6119210270120786,-0.08422220596372411
1,1.0,113,12_3,linearity,0.995,10.0,0.0,0.0,37.18,0.6763,1.0734777450155004,0.725992998953983,True,0.6119210270120786,0.06910939474948767
1,1.0,114,12_4,linearity,0.995,10.0,0.0,0.0,38.98,0.6064,1.0236572857673505,0.6207457780893214,True,0.6119210270120786,-0.005651639525832576
1,1.0,115,12_5,dose_rate,0.995,6.0,200.0,600.0,37.63,9.494,1.0605734611223063,10.069084439895176,False,0.6119210270120786,9.420097238343459
1,1.0,116,12_6,dose_rate,0.995,6.0,200.0,600.0,36.8,9.313,1.0846217823489923,10.101082659016166,False,0.6119210270120786,9.4373797840415
1,1.0,117,12_7,dose_rate,0.995,6.0,200.0,600.0,37.69,9.969,1.058876293157949,10.555937766491592,False,0.6119210270120786,9.907989097703638
1,1.0,118,12_8,dose_rate,0.995,6.0,200.0,600.0,37.88,9.885,1.0535375816543582,10.41421899465333,False,0.6119210270120786,9.769537195691575
1,1.0,119,12_9,dose_rate,0.995,6.0,200.0,600.0,38.52,10.01,1.03594401517049,10.369799591856605,False,0.6119210270120786,9.735883666166462
1,1.0,120,12_10,dose_rate,0.995,6.0,200.0,500.0,39.33,10.47,1.0145021833592796,10.621837859771658,False,0.6119210270120786,10.001042641824451
1,1.0,122,13_2,dose_rate,0.995,6.0,200.0,500.0,45.33,10.01,0.8796382190831459,8.80517857302229,False,0.6119210270120786,8.266909450601856
1,1.0,123,13_3,dose_rate,0.995,6.0,200.0,500.0,37.97,9.649,1.0510274632935726,10.14136399331968,False,0.6119210270120786,9.498218188563179
1,1.0,124,13_4,dose_rate,0.995,6.0,200.0,500.0,40.04,9.474,0.996424477458207,9.440125499439052,False,0.6119210270120786,8.830392409852854
1,1.0,125,13_5,dose_rate,0.995,6.0,200.0,500.0,38.52,9.538,1.03594401517049,9.880834016696133,False,0.6119210270120786,9.246918091005991
1,1.0,126,13_6,dose_rate,0.995,6.0,200.0,400.0,37.6,9.808,1.0614240869076494,10.410447444390226,False,0.6119210270120786,9.760939727034339
1,1.0,127,13_7,dose_rate,0.995,6.0,200.0,400.0,40.63,10.29,0.9818851378757959,10.103598068741938,False,0.6119210270120786,9.502761906765086
1,1.0,128,13_8,dose_rate,0.995,6.0,200.0,400.0,39.82,9.785,1.0019567509114977,9.804146807669005,False,0.6119210270120786,9.191028403629556
1,1.0,129,13_9,dose_rate,0.995,6.0,200.0,400.0,39.92,10.24,0.9994344848246574,10.234209124604492,False,0.6119210270120786,9.6226341482193
1,1.0,130,13_10,dose_rate,0.995,6.0,200.0,400.0,39.19,10.01,1.0181445028423077,10.1916264734515,False,0.6119210270120786,9.568602443625533
1,1.0,131,14_1,dose_rate,0.995,6.0,200.0,300.0,43.92,9.624,0.9080042572183296,8.738632971469205,False,0.6119210270120786,8.183006073860824
1,1.0,132,14_2,dose_rate,0.995,6.0,200.0,300.0,37.79,9.21,1.0560597183078613,9.726310005615403,False,0.6119210270120786,9.08008485820237
1,1.0,133,14_3,dose_rate,0.995,6.0,200.0,300.0,37.69,9.887,1.058876293157949,10.469109910452643,False,0.6119210270120786,9.821161241664687
1,1.0,134,14_4,dose_rate,0.995,6.0,200.0,300.0,44.25,10.11,0.9012026448608528,9.111158739543221,False,0.6119210270120786,8.559693891553966
1,1.0,135,14_5,dose_rate,0.995,6.0,200.0,300.0,38.38,9.74,1.0397422130971479,10.127089155566221,False,0.6119210270120786,9.490849032700002
1,1.0,136,14_6,dose_rate,0.995,6.0,200.0,200.0,39.69,9.431,1.0052547920957944,9.480557944255436,False,0.6119210270120786,8.865421399467364
1,1.0,137,14_7,dose_rate,0.995,6.0,200.0,200.0,39.5,10.26,1.0101142502362144,10.36377220742356,False,0.6119210270120786,9.74566205801948
1,1.0,138,14_8,dose_rate,0.995,6.0,200.0,200.0,37.63,9.92,1.0605734611223063,10.520888734333278,False,0.6119210270120786,9.871901532781562
1,1.0,139,14_9,dose_rate,0.995,6.0,200.0,200.0,39.27,9.455,1.0160599814866556,9.606847124956328,False,0.6119210270120786,8.98509865757914
1,1.0,140,14_10,dose_rate,0.995,6.0,200.0,200.0,40.72,10.39,0.979704488266371,10.179129633087596,False,0.6119210270120786,9.579627856459295
1,1.0,141,15_1,dose_rate,0.995,6.0,200.0,100.0,38.27,10.11,1.042746106610404,10.542163137831183,False,0.6119210270120786,9.904084869361299
1,1.0,142,15_2,dose_rate,0.995,6.0,200.0,100.0,38.3,9.865,1.0419251429299001,10.278591535003464,False,0.6119210270120786,9.641015631472094
1,1.0,143,15_3,dose_rate,0.995,6.0,200.0,100.0,39.8,10.28,1.0024627326025755,10.305316891154476,False,0.6119210270120786,9.691888866278973
1,1.0,144,15_4,dose_rate,0.995,6.0,200.0,100.0,39.38,9.967,1.0132076625074462,10.098640772211716,False,0.6119210270120786,9.478637698793653
1,1.0,145,15_5,dose_rate,0.995,6.0,200.0,100.0,38.13,10.44,1.046594439478986,10.926445948160612,False,0.6119210270120786,10.2860128038895
1,1.0,146,15_6,dose_rate,0.995,6.0,200.0,80.0,39.3,10.15,1.0152804848704653,10.305096921435224,False,0.6119210270120786,9.683825444427967
1,1.0,147,15_7,dose_rate,0.995,6.0,200.0,80.0,38.66,9.521,1.032173466019745,9.827323569973993,False,0.6119210270120786,9.195714922592574
1,1.0,148,15_8,dose_rate,0.995,6.0,200.0,80.0,39.49,10.45,1.010371312956725,10.558380220397776,False,0.6119210270120786,9.940112768909755
1,1.0,149,15_9,dose_rate,0.995,6.0,200.0,80.0,39.57,9.899,1.0083184672452945,9.98134450726117,False,0.6119210270120786,9.364333235229184
1,1.0,150,15_10,dose_rate,0.995,6.0,200.0,80.0,39.3,9.516,1.0152804848704653,9.661409094027348,False,0.6119210270120786,9.040137617020092
2,1.0,151,16_1,dose_rate,0.995,6.0,200.0,60.0,40.42,9.717,0.9677792945687612,9.403911405324653,False,0.6139580306558721,8.809735535521687
2,1.0,152,16_2,dose_rate,0.995,6.0,200.0,60.0,36.1,9.839,1.0843630607398826,10.669048154619706,False,0.6139580306558721,10.003294745331873
2,1.0,153,16_3,dose_rate,0.995,6.0,200.0,60.0,48.04,10.97,0.8135046273629942,8.924145762172047,False,0.6139580306558721,8.424688063226824
2,1.0,154,16_4,dose_rate,0.995,6.0,200.0,60.0,38.39,9.825,1.0192745026755348,10.01437198878713,False,0.6139580306558721,9.388580222426713
2,1.0,155,16_5,dose_rate,0.995,6.0,200.0,60.0,38.0,8.984,1.029801697584302,9.25173845109737,False,0.6139580306558721,8.619483428882438
2,1.0,156,16_6,dose_rate,0.995,6.0,200.0,0.0,37.85,0.5108,1.0339087511468084,0.5281205900857897,True,0.6139580306558721,-0.10665599064617683
2,1.0,157,16_7,dose_rate,0.995,6.0,200.0,0.0,38.02,0.5259,1.0292565544667793,0.5412860219940793,True,0.6139580306558721,-0.09063430522599288
2,1.0,158,16_8,dose_rate,0.995,6.0,200.0,0.0,39.57,0.5849,0.9886944276077012,0.5782873707077444,True,0.6139580306558721,-0.028729512986714494
2,1.0,159,16_9,dose_rate,0.995,6.0,200.0,0.0,39.97,0.8769,0.9787405351096645,0.8582575752376649,True,0.6139580306558721,0.25735196377866076
2,1.0,160,16_10,dose_rate,0.995,6.0,200.0,0.0,41.15,0.7336,0.9505106025138551,0.6972945780041642,True,0.6139580306558721,0.11372096036723126
2,1.0,161,17_1,dose_rate,0.995,10.0,200.0,2400.0,40.27,10.33,0.9714056595125333,10.034620462764469,False,0.6139580306558721,9.438218157082185
2,1.0,162,17_2,dose_rate,0.995,10.0,200.0,2400.0,38.49,9.684,1.016609800077146,9.84484930394708,False,0.6139580306558721,9.220693553146257
2,1.0,163,17_3,dose_rate,0.995,10.0,200.0,2400.0,38.48,9.903,1.01687564320003,10.070119494609898,False,0.6139580306558721,9.445800527288885
2,1.0,164,17_4,dose_rate,0.995,10.0,200.0,2400.0,41.72,10.21,0.9374494063323238,9.571358438653027,False,0.6139580306558721,8.995803847301715
2,1.0,165,17_5,dose_rate,0.995,10.0,200.0,2400.0,38.03,9.589,1.0289841992863613,9.866929486956918,False,0.6139580306558721,9.235176374387054
2,1.0,169,17_9,dose_rate,0.995,10.0,200.0,2000.0,40.08,9.782,0.9760382548220695,9.547606208669484,False,0.6139580306558721,8.94835968389413
2,1.0,170,17_10,dose_rate,0.995,10.0,200.0,2000.0,38.64,11.29,1.0126387680108115,11.432691690842061,False,0.6139580306558721,10.810973987068355
2,1.0,171,18_1,dose_rate,0.995,10.0,200.0,2000.0,39.85,9.557,0.9817055943873517,9.38216036555992,False,0.6139580306558721,8.779434332146009
2,1.0,173,18_3,dose_rate,0.995,10.0,200.0,2000.0,42.92,9.376,0.9110924754693366,8.5424030500005,False,0.6139580306558721,7.983030508015961
2,1.0,174,18_4,dose_rate,0.995,10.0,200.0,2000.0,37.73,9.641,1.0372180563253257,9.999819281032465,False,0.6139580306558721,9.363010925810256
2,1.0,175,18_5,dose_rate,0.995,10.0,200.0,1600.0,38.83,9.976,1.0076531099011317,10.052347424373691,False,0.6139580306558721,9.433690705434525
2,1.0,176,18_6,dose_rate,0.995,10.0,200.0,1600.0,38.72,9.888,1.0105335427927808,9.992155671135016,False,0.6139580306558721,9.37173048729026
2,1.0,177,18_7,dose_rate,0.995,10.0,200.0,1600.0,37.68,10.12,1.0386031942486593,10.510664325796432,False,0.6139580306558721,9.873005554022626
2,1.0,178,18_8,dose_rate,0.995,10.0,200.0,1600.0,43.81,9.631,0.8924820941718279,8.595495048968875,False,0.6139580306558721,8.04754850003551
2,1.0,179,18_9,dose_rate,0.995,10.0,200.0,1600.0,38.15,10.46,1.0257271442763944,10.729105929131087,False,0.6139580306558721,10.099352511640879
2,1.0,180,18_10,dose_rate,0.995,10.0,200.0,1200.0,38.12,9.378,1.0265394734494873,9.626887182009291,False,0.6139580306558721,8.996635028499728
2,1.0,181,19_1,dose_rate,0.995,10.0,200.0,1200.0,40.46,10.41,0.9668168320774051,10.064563221925788,False,0.6139580306558721,9.470978263698594
2,1.0,182,19_2,dose_rate,0.995,10.0,200.0,1200.0,38.59,11.03,1.0139589938825768,11.183967702524821,False,0.6139580306558721,10.561439435474865
2,1.0,183,19_3,dose_rate,0.995,10.0,200.0,1200.0,37.57,10.55,1.0416635583797966,10.989550540906855,False,0.6139580306558721,10.350012833998006
2,1.0,184,19_4,dose_rate,0.995,10.0,200.0,1200.0,39.95,9.989,0.9792334672225114,9.781563104085667,False,0.6139580306558721,9.18035485299741
2,1.0,185,19_5,dose_rate,0.995,10.0,200.0,800.0,41.33,10.58,0.9463468672130917,10.01234985511451,False,0.6139580306558721,9.431332596203006
2,1.0,186,19_6,dose_rate,0.995,10.0,200.0,800.0,39.31,9.796,0.9952737516712983,9.749701671372037,False,0.6139580306558721,9.138645358832445
2,1.0,187,19_7,dose_rate,0.995,10.0,200.0,800.0,37.92,9.565,1.031988056987858,9.87096576508886,False,0.6139580306558721,9.237368409960215
2,1.0,188,19_8,dose_rate,0.995,10.0,200.0,800.0,37.23,9.487,1.0512379394182971,9.973094331261384,False,0.6139580306558721,9.32767835622539
2,1.0,189,19_9,dose_rate,0.995,10.0,200.0,800.0,39.74,10.23,0.9844393911648806,10.070814971616729,False,0.6139580306558721,9.466410501717071
2,1.0,191,20_1,dose_rate,0.995,10.0,200.0,4000.0,39.57,9.531,0.9886944276077012,9.423246589529,False,0.6139580306558721,8.816229705834541
2,1.0,192,20_2,dose_rate,0.995,10.0,200.0,4000.0,38.48,9.968,1.01687564320003,10.1362164114179,False,0.6139580306558721,9.511897444096885
2,1.0,193,20_3,dose_rate,0.995,10.0,200.0,4000.0,39.22,10.68,0.9975716587092738,10.654065315015044,False,0.6139580306558721,10.041598183995786
2,1.0,194,20_4,dose_rate,0.995,10.0,200.0,4000.0,39.22,9.599,0.9975716587092738,9.57569035195032,False,0.6139580306558721,8.963223220931061
2,1.0,195,20_5,dose_rate,0.995,10.0,200.0,0.0,38.88,0.5964,1.0063492435685504,0.6001866888642835,True,0.6139580306558721,-0.01766951086909023
2,1.0,196,20_6,dose_rate,0.995,10.0,200.0,0.0,41.82,0.5696,0.9351948906693105,0.5326870097252393,True,0.6139580306558721,-0.041483403629524206
2,1.0,197,20_7,dose_rate,0.995,10.0,200.0,0.0,43.23,0.5064,0.9045227542163721,0.45805032273517077,True,0.6139580306558721,-0.09728868612693842
2,1.0,198,20_8,dose_rate,0.995,10.0,200.0,0.0,37.79,0.4709,1.0355607598852115,0.48764556182994606,True,0.6139580306558721,-0.14814528293367676
2,1.0,210,21_10,energy_resp,1.004,0.06,200.0,0.06,38.83,35.7,1.0076531099011317,35.9732160234704,False,0.6139580306558721,35.354559304531236
2,1.0,211,22_1,energy_resp,1.004,0.06,200.0,0.06,40.61,38.08,0.9632245840639001,36.679592161153316,False,0.6139580306558721,36.08821269244212
2,1.0,212,22_2,energy_resp,1.004,0.06,200.0,0.06,36.19,33.61,1.0816484556954216,36.354204595923115,False,0.6139580306558721,35.69011784020239
2,1.0,213,22_3,energy_resp,1.004,0.06,200.0,0.06,36.96,39.92,1.0589674266678957,42.2739796725824,False,0.6139580306558721,41.62381811677666
2,1.0,214,22_4,energy_resp,1.004,0.06,200.0,0.06,39.4,38.23,0.992986406764497,37.961870330606715,False,0.6139580306558721,37.352218351841536
2,1.0,215,22_5,energy_resp,1.002,0.1,200.0,0.1,40.85,36.47,0.9575321832384579,34.921198722706556,False,0.6139580306558721,34.33331414919586
2,1.0,216,22_6,energy_resp,1.002,0.1,200.0,0.1,36.84,35.07,1.0624393593181303,37.25974833128683,False,0.6139580306558721,36.60745515454858
2,1.0,217,22_7,energy_resp,1.002,0.1,200.0,0.1,40.11,35.81,0.9753038570862568,34.92563112225886,False,0.6139580306558721,34.326835486871104
2,1.0,218,22_8,energy_resp,1.002,0.1,200.0,0.1,39.06,38.08,1.0016831345198576,38.14409376251618,False,0.6139580306558721,37.52910235790516
2,1.0,219,22_9,energy_resp,1.002,0.1,200.0,0.1,39.5,35.76,0.9904572117622569,35.4187498926183,False,0.6139580306558721,34.81065073343584
2,1.0,220,22_10,energy_resp,1.006,0.18,200.0,0.18,38.85,28.41,1.0071311581361835,28.612596202648973,False,0.6139580306558721,27.994259940187515
2,1.0,221,23_1,energy_resp,1.006,0.18,200.0,0.18,39.57,27.19,0.9886944276077012,26.882601486653396,False,0.6139580306558721,26.275584602958936
2,1.0,222,23_2,energy_resp,1.006,0.18,200.0,0.18,39.34,28.57,0.9945101334005614,28.41315451125404,False,0.6139580306558721,27.80256702828412
2,1.0,223,23_3,energy_resp,1.006,0.18,200.0,0.18,38.95,26.69,1.0045294892943577,26.81089206926641,False,0.6139580306558721,26.194153122283495
2,1.0,224,23_4,energy_resp,1.006,0.18,200.0,0.18,40.69,30.39,0.9613196118697842,29.214503004722744,False,0.6139580306558721,28.6242931089883
2,1.0,225,23_5,energy_resp,1.003,0.22,200.0,0.22,40.06,17.78,0.9765284680622413,17.362676162146652,False,0.6139580306558721,16.76312866701576
2,1.0,226,23_6,energy_resp,1.003,0.22,200.0,0.22,38.26,16.48,1.022759571493209,16.855077738208085,False,0.6139580306558721,16.227146285859668
2,1.0,227,23_7,energy_resp,1.003,0.22,200.0,0.22,39.61,16.25,0.9876899367238695,16.04996147176288,False,0.6139580306558721,15.443561303313269
2,1.0,228,23_8,energy_resp,1.003,0.22,200.0,0.22,37.92,18.0,1.031988056987858,18.575785025781443,False,0.6139580306558721,17.942187670652796
2,1.0,229,23_9,energy_resp,1.003,0.22,200.0,0.22,41.71,19.66,0.9376754558994503,18.434699462983193,False,0.6139580306558721,17.85900608668482
2,1.0,230,23_10,energy_resp,1.002,0.15,200.0,0.15,37.58,29.14,1.0413845983925851,30.34594719715993,False,0.6139580306558721,29.706580759975463
2,1.0,231,24_1,energy_resp,1.002,0.15,200.0,0.15,38.09,30.28,1.027353090297762,31.108251574216233,False,0.6139580306558721,30.477499894108792
2,1.0,232,24_2,energy_resp,1.002,0.15,200.0,0.15,37.5,32.25,1.0436204708168488,33.656760183843375,False,0.6139580306558721,33.01602101482851
2,1.0,233,24_3,energy_resp,1.002,0.15,200.0,0.15,39.16,29.98,0.9991095007684182,29.953302833037178,False,0.6139580306558721,29.339891531535827
2,1.0,234,24_4,energy_resp,1.002,0.15,200.0,0.15,37.38,27.93,1.0469923393420268,29.24249603782281,False,0.6139580306558721,28.599686683048592
2,1.0,235,24_5,energy_resp,0.995,6.0,200.0,6.0,38.74,9.848,1.0100086034833127,9.946564727103665,False,0.6139580306558721,9.326461833963561
2,1.0,236,24_6,energy_resp,0.995,6.0,200.0,6.0,37.58,10.88,1.0413845983925851,11.330264430511328,False,0.6139580306558721,10.690897993326859
2,1.0,237,24_7,energy_resp,0.995,6.0,200.0,6.0,38.2,9.672,1.0243761155298357,9.907765789404571,False,0.6139580306558721,9.27884184686296
2,1.0,238,24_8,energy_resp,0.995,6.0,200.0,6.0,38.61,9.881,1.013430490651115,10.013706678123667,False,0.6139580306558721,9.391502889876893
2,1.0,239,24_9,energy_resp,0.995,6.0,200.0,6.0,38.13,9.967,1.0262685541344747,10.22881867905831,False,0.6139580306558721,9.598732858637858
2,1.0,240,24_10,energy_resp,0.995,10.0,200.0,10.0,38.39,9.485,1.0192745026755348,9.667818657877447,False,0.6139580306558721,9.04202689151703
2,1.0,241,25_1,energy_resp,0.995,10.0,200.0,10.0,37.15,9.622,1.0535163689135996,10.136934501686655,False,0.6139580306558721,9.490119666564736
2,1.0,242,25_2,energy_resp,0.995,10.0,200.0,10.0,38.18,9.593,1.024916099723981,9.83202014465215,False,0.6139580306558721,9.202764674478116
2,1.0,243,25_3,energy_resp,0.995,10.0,200.0,10.0,38.61,10.01,1.013430490651115,10.14443921141766,False,0.6139580306558721,9.522235423170887
2,1.0,244,25_4,energy_resp,0.995,10.0,200.0,10.0,38.83,9.607,1.0076531099011317,9.680523426820171,False,0.6139580306558721,9.061866707881007
2,1.0,245,25_5,energy_resp,0.995,10.0,200.0,10.0,39.06,9.264,1.0016831345198576,9.27959255819196,False,0.6139580306558721,8.664601153580946
2,1.0,246,25_6,energy_resp,0.995,10.0,200.0,10.0,38.46,9.859,1.0174077467713858,10.030622975419092,False,0.6139580306558721,9.405977318837303
2,1.0,247,25_7,energy_resp,0.995,10.0,200.0,10.0,36.12,8.948,1.0837586383056637,9.697472295559079,False,0.6139580306558721,9.032089976278643
2,1.0,248,25_8,energy_resp,0.995,10.0,200.0,10.0,39.73,10.14,0.9846886733360349,9.984743147627395,False,0.6139580306558721,9.380185628936859
2,1.0,249,25_9,energy_resp,0.995,10.0,200.0,10.0,37.52,9.615,1.0430606031073293,10.029027698876972,False,0.6139580306558721,9.388632265138469
2,1.0,250,25_10,energy_resp,0.0,0.0,200.0,0.0,36.83,0.6445,1.0627297149594548,0.6849293012913685,True,0.6139580306558721,0.032457858375385444
2,1.0,251,26_1,energy_resp,0.0,0.0,200.0,0.0,42.19,0.6133,0.9269466395074943,0.5684963740099462,True,0.6139580306558721,-0.0006099593051535653
2,1.0,252,26_2,energy_resp,0.0,0.0,200.0,0.0,37.97,0.6052,1.0306204958727334,0.6237315241021782,True,0.6139580306558721,-0.009026205897423511
2,1.0,253,26_3,energy_resp,0.0,0.0,200.0,0.0,38.49,0.6589,1.016609800077146,0.6698441972708316,True,0.6139580306558721,0.045688446470007166
2,1.0,254,26_4,energy_resp,0.0,0.0,200.0,0.0,41.88,0.8209,0.9338473788814758,0.7665953133238035,True,0.6139580306558721,0.19325221565258457
3,1.5,1,1_1,linearity,0.995,6.0,10.0,10.0,110.2,1.911,0.9811347054392335,1.8749484220943753,False,0.6530161371580657,1.2342516267167303
3,1.5,2,1_2,linearity,0.995,6.0,10.0,10.0,109.6,1.812,0.9865154804770311,1.7875660506243805,False,0.6530161371580657,1.1433555223166365
3,1.5,3,1_3,linearity,0.995,6.0,10.0,10.0,103.2,1.794,1.047810871632104,1.8797727037079945,False,0.6530161371580657,1.195535295842572
3,1.5,4,1_4,linearity,0.995,6.0,10.0,10.0,108.3,1.959,0.9983787287235124,1.955823929569361,False,0.6530161371580657,1.3038665087175523
3,1.5,5,1_5,linearity,0.995,6.0,10.0,10.0,107.2,2.297,1.008642006844574,2.3168506897219867,False,0.6530161371580657,1.6581911826369835
3,1.5,6,1_6,linearity,0.995,6.0,25.0,25.0,114.6,3.511,0.9434002285458551,3.3122782024244977,False,0.6530161371580657,2.6962226293854465
3,1.5,7,1_7,linearity,0.995,6.0,25.0,25.0,114.5,3.854,0.9442255683213312,3.6390453403104104,False,0.6530161371580657,3.0224508070793354
3,1.5,8,1_8,linearity,0.995,6.0,25.0,25.0,117.2,3.909,0.9224365793442643,3.6058045886567287,False,0.6530161371580657,3.0034386168400378
3,1.5,9,1_9,linearity,0.995,6.0,25.0,25.0,113.5,3.723,0.9525590929925092,3.5463775032111116,False,0.6530161371580657,2.9243410438903523
3,1.5,10,1_10,linearity,0.995,6.0,25.0,25.0,102.0,3.632,1.0601617348813117,3.850507421088924,False,0.6530161371580657,3.1582047002139366
3,1.5,11,2_1,linearity,0.995,6.0,50.0,50.0,115.0,6.974,0.9401132476262537,6.556349788945494,False,0.6530161371580657,5.942440667489474
3,1.5,12,2_2,linearity,0.995,6.0,50.0,50.0,111.5,6.461,0.9696753709195257,6.265072571511056,False,0.6530161371580657,5.631858906495873
3,1.5,13,2_3,linearity,0.995,6.0,50.0,50.0,109.1,7.005,0.9910447505367089,6.942268477509646,False,0.6530161371580657,6.295100262763386
3,1.5,14,2_4,linearity,0.995,6.0,50.0,50.0,112.5,7.405,0.9610410271600951,7.116508806120504,False,0.6530161371580657,6.488933506914
3,1.5,15,2_5,linearity,0.995,6.0,50.0,50.0,98.54,6.406,1.0974608298585853,7.030334076074097,False,0.6530161371580657,6.3136744442775585
3,1.5,16,2_6,linearity,0.995,6.0,100.0,100.0,111.0,13.58,0.9740509859109169,13.227612388670252,False,0.6530161371580657,12.5915413764557
3,1.5,17,2_7,linearity,0.995,6.0,100.0,100.0,106.1,13.93,1.0191184885497433,14.196320545497924,False,0.6530161371580657,13.530819726798804
3,1.5,18,2_8,linearity,0.995,6.0,100.0,100.0,111.7,13.15,0.9679361125742645,12.728359880351578,False,0.6530161371580657,12.096281979102537
3,1.5,19,2_9,linearity,0.995,6.0,100.0,100.0,110.3,12.55,0.9802436110675498,12.30205731889775,False,0.6530161371580657,11.661942422524545
3,1.5,20,2_10,linearity,0.995,6.0,100.0,100.0,100.4,11.88,1.077089710571784,12.795825761592795,False,0.6530161371580657,12.09246879942251
3,1.5,21,3_1,linearity,0.995,6.0,250.0,250.0,115.9,30.86,0.9328006351814708,28.78622760170019,False,0.6530161371580657,28.177093734175397
3,1.5,22,3_2,linearity,0.995,6.0,250.0,250.0,115.6,38.31,0.9352254996484827,35.828488891533375,False,0.6530161371580657,35.217771548381194
3,1.5,23,3_3,linearity,0.995,6.0,250.0,250.0,111.0,35.51,0.9740509859109169,34.58855050969666,False,0.6530161371580657,33.9524794974821
3,1.5,24,3_4,linearity,0.995,6.0,250.0,250.0,109.8,31.69,0.984715343109496,31.20562922313993,False,0.6530161371580657,30.56259421358229
3,1.5,25,3_5,linearity,0.995,6.0,250.0,250.0,112.8,31.05,0.9584806286547544,29.760823519730124,False,0.6530161371580657,29.13492020206516
3,1.5,26,3_6,linearity,0.995,6.0,500.0,500.0,117.9,66.6,0.9169507585948309,61.06892052241573,False,0.6530161371580657,60.47013688007398
3,1.5,27,3_7,linearity,0.995,6.0,500.0,500.0,111.3,62.41,0.9714208909692799,60.62637780539275,False,0.6530161371580657,59.99202428761734
3,1.5,28,3_8,linearity,0.995,6.0,500.0,500.0,126.6,63.28,0.8538400805456768,54.03100029693043,False,0.6530161371580657,53.47342894578176
3,1.5,29,3_9,linearity,0.995,6.0,500.0,500.0,130.6,64.07,0.8276495641509213,53.02750757514952,False,0.6530161371580657,52.48703905384713
3,1.5,30,3_10,linearity,0.995,6.0,500.0,500.0,105.2,62.5,1.0278534182990309,64.24083864368943,False,0.6530161371580657,63.56963377490708
3,1.5,31,4_1,linearity,0.995,6.0,1000.0,1000.0,112.8,130.4,0.9584806286547544,124.98587397657998,False,0.6530161371580657,124.35997065891502
3,1.5,32,4_2,linearity,0.995,6.0,1000.0,1000.0,106.9,130.5,1.0114778075519486,131.99785388552928,False,0.6530161371580657,131.33734255482062
3,1.5,33,4_3,linearity,0.995,6.0,1000.0,1000.0,111.1,135.7,0.9731727065997342,132.05953628558393,False,0.6530161371580657,131.42403880393252
3,1.5,34,4_4,linearity,0.995,6.0,1000.0,1000.0,113.4,126.0,0.9534005430881113,120.12846842910203,False,0.6530161371580657,119.50588248929023
3,1.5,35,4_5,linearity,0.995,6.0,1000.0,1000.0,109.9,120.9,0.9838177357713176,118.9435642547523,False,0.6530161371580657,118.30111539727133
3,1.5,36,4_6,linearity,0.995,6.0,2000.0,2000.0,110.3,268.0,0.9802436110675498,262.7052877661033,False,0.6530161371580657,262.06517286973013
3,1.5,37,4_7,linearity,0.995,6.0,2000.0,2000.0,111.0,254.7,0.9740509859109169,248.0907861115105,False,0.6530161371580657,247.45471509929598
3,1.5,38,4_8,linearity,0.995,6.0,2000.0,2000.0,108.9,254.1,0.9928681250141821,252.28779056610367,False,0.6530161371580657,251.63943165839953
3,1.5,39,4_9,linearity,0.995,6.0,2000.0,2000.0,107.4,244.3,1.0067602904605342,245.9515389595085,False,0.6530161371580657,245.29410824358783
3,1.5,40,4_10,linearity,0.995,6.0,2000.0,2000.0,109.8,258.8,0.984715343109496,254.84433079673758,False,0.6530161371580657,254.20129578717993
3,1.5,41,5_1,linearity,0.995,6.0,3000.0,3000.0,105.5,382.3,1.0249251851931573,391.8288982993441,False,0.6530161371580657,391.1596056140332
3,1.5,42,5_2,linearity,0.995,6.0,3000.0,3000.0,118.5,384.6,0.9123002963539838,350.8706939777422,False,0.6530161371580657,350.2749471622889
3,1.5,43,5_3,linearity,0.995,6.0,3000.0,3000.0,117.9,373.8,0.9169507585948309,342.7561935627478,False,0.6530161371580657,342.157409920406
3,1.5,44,5_4,linearity,0.995,6.0,3000.0,3000.0,108.7,419.1,0.9946982213328237,416.8780245605864,False,0.6530161371580657,416.2284705704537
3,1.5,45,5_5,linearity,0.995,6.0,3000.0,3000.0,107.7,383.1,1.0039508435928552,384.6135681804229,False,0.6530161371580657,383.95797207864325
3,1.5,46,5_6,linearity,0.995,6.0,5000.0,5000.0,104.9,597.0,1.0307984313945218,615.3866635425295,False,0.6530161371580657,614.7135355326717
3,1.5,47,5_7,linearity,0.995,6.0,5000.0,5000.0,113.2,772.4,0.9550879109793299,737.7099024404343,False,0.6530161371580657,737.0862146221604
3,1.5,48,5_8,linearity,0.995,6.0,5000.0,5000.0,110.6,656.7,0.9775800133690243,641.9767947794384,False,0.6530161371580657,641.3384192553452
3,1.5,49,5_9,linearity,0.995,6.0,5000.0,5000.0,118.4,709.6,0.9130720948503355,647.915958505798,False,0.6530161371580657,647.3197076934721
3,1.5,50,5_10,linearity,0.995,6.0,5000.0,5000.0,110.2,626.1,0.9811347054392335,614.2884390755041,False,0.6530161371580657,613.6477422801265
3,1.5,51,6_1,linearity,0.995,6.0,0.0,0.0,96.88,0.6247,1.116303411716601,0.6973547412993607,True,0.6530161371580657,-0.03160940051618395
3,1.5,52,6_2,linearity,0.995,6.0,0.0,0.0,104.3,0.7103,1.0367393778172822,0.7363959800636156,True,0.6530161371580657,0.059388436321717517
3,1.5,53,6_3,linearity,0.995,6.0,0.0,0.0,110.0,0.7295,0.9829217633526747,0.7170414263657762,True,0.6530161371580657,0.0751776533326182
3,1.5,54,6_4,linearity,0.995,6.0,0.0,0.0,104.4,0.6757,1.035744469047072,0.6998525377351066,True,0.6530161371580657,0.02349468547515579
3,1.5,55,6_5,linearity,0.995,6.0,0.0,0.0,107.0,1.202,1.0105307705607818,1.2146579862140596,True,0.6530161371580657,0.5547650859430944
3,1.5,56,6_6,linearity,0.995,10.0,10.0,10.0,111.3,2.088,0.9714208909692799,2.0283268203438563,False,0.6530161371580657,1.3939733025684506
3,1.5,57,6_7,linearity,0.995,10.0,10.0,10.0,115.5,2.006,0.9360365918174895,1.8776894031858837,False,0.6530161371580657,1.2664424037586255
3,1.5,58,6_8,linearity,0.995,10.0,10.0,10.0,109.4,1.744,0.9883222114846338,1.7236339368292015,False,0.6530161371580657,1.078243584017989
3,1.5,59,6_9,linearity,0.995,10.0,10.0,10.0,116.1,1.798,0.9311910326147913,1.6742814766413947,False,0.6530161371580657,1.0661987055670532
3,1.5,60,6_10,linearity,0.995,10.0,10.0,10.0,114.1,1.971,0.9475414192127086,1.8676041372682488,False,0.6530161371580657,1.2488442998966942
3,1.5,61,7_1,linearity,0.995,10.0,25.0,25.0,115.2,3.617,0.9384783315662522,3.394476125275134,False,0.6530161371580657,2.7816346303891937
3,1.5,62,7_2,linearity,0.995,10.0,25.0,25.0,106.5,3.406,1.0152837729615625,3.458056530707082,False,0.6530161371580657,2.7950598431684557
3,1.5,63,7_3,linearity,0.995,10.0,25.0,25.0,109.0,3.455,0.9919555998620154,3.4272065975232633,False,0.6530161371580657,2.779443583469058
3,1.5,64,7_4,linearity,0.995,10.0,25.0,25.0,92.58,3.033,1.1682613310895698,3.5433366171946648,False,0.6530161371580657,2.780443115575414
3,1.5,65,7_5,linearity,0.995,10.0,25.0,25.0,108.7,3.613,0.9946982213328237,3.593844673675492,False,0.6530161371580657,2.9442906835427327
3,1.5,66,7_6,linearity,0.995,10.0,50.0,50.0,96.48,6.806,1.1209409340516676,7.6291239971556495,False,0.6530161371580657,6.897131478418876
3,1.5,67,7_7,linearity,0.995,10.0,50.0,50.0,106.8,7.64,1.01242662127353,7.734939386529769,False,0.6530161371580657,7.073808465149737
3,1.5,68,7_8,linearity,0.995,10.0,50.0,50.0,109.6,6.795,0.9865154804770311,6.7033726898414265,False,0.6530161371580657,6.059162161533682
3,1.5,69,7_9,linearity,0.995,10.0,50.0,50.0,110.3,7.011,0.9802436110675498,6.872487957194592,False,0.6530161371580657,6.232373060821387
3,1.5,70,7_10,linearity,0.995,10.0,50.0,50.0,110.6,6.979,0.9775800133690243,6.822530913302421,False,0.6530161371580657,6.184155389209251
3,1.5,71,8_1,linearity,0.995,10.0,100.0,100.0,111.7,12.97,0.9679361125742645,12.554131380088212,False,0.6530161371580657,11.922053478839171
3,1.5,72,8_2,linearity,0.995,10.0,100.0,100.0,107.7,12.77,1.0039508435928552,12.820452272680761,False,0.6530161371580657,12.164856170901174
3,1.5,73,8_3,linearity,0.995,10.0,100.0,100.0,110.5,13.62,0.9784662694227553,13.326710589537926,False,0.6530161371580657,12.687756325940015
3,1.5,74,8_4,linearity,0.995,10.0,100.0,100.0,107.4,13.04,1.0067602904605342,13.128154187605364,False,0.6530161371580657,12.470723471684694
3,1.5,75,8_5,linearity,0.995,10.0,100.0,100.0,110.3,13.35,0.9802436110675498,13.086252207751789,False,0.6530161371580657,12.446137311378585
3,1.5,76,8_6,linearity,0.995,10.0,250.0,250.0,107.0,35.69,1.0105307705607818,36.0658432013143,False,0.6530161371580657,35.40595030104333
3,1.5,77,8_7,linearity,0.995,10.0,250.0,250.0,104.9,32.62,1.0307984313945218,33.624644832089295,False,0.6530161371580657,32.951516822231454
3,1.5,78,8_8,linearity,0.995,10.0,250.0,250.0,105.7,31.7,1.0229822813188951,32.42853831780897,False,0.6530161371580657,31.760514380080963
3,1.5,79,8_9,linearity,0.995,10.0,250.0,250.0,103.1,32.2,1.0488291081631054,33.772297282851994,False,0.6530161371580657,33.08739495010039
3,1.5,80,8_10,linearity,0.995,10.0,250.0,250.0,108.0,31.74,1.001157033072841,31.776724229731972,False,0.6530161371580657,31.122952531306115
3,1.5,81,9_1,linearity,0.995,10.0,500.0,500.0,106.4,62.63,1.0162397438400266,63.647095156700864,False,0.6530161371580657,62.98347420475195
3,1.5,82,9_2,linearity,0.995,10.0,500.0,500.0,114.5,65.65,0.9442255683213312,61.9884085602954,False,0.6530161371580657,61.371814027064325
3,1.5,83,9_3,linearity,0.995,10.0,500.0,500.0,103.7,62.94,1.0427492018057836,65.63063476165601,False,0.6530161371580657,64.94970270586815
3,1.5,84,9_4,linearity,0.995,10.0,500.0,500.0,112.8,65.86,0.9584806286547544,63.12553420320212,False,0.6530161371580657,62.499630885537165
3,1.5,85,9_5,linearity,0.995,10.0,500.0,500.0,112.5,64.47,0.9610410271600951,61.95831502101133,False,0.6530161371580657,61.330739721804825
3,1.5,86,9_6,linearity,0.995,10.0,1000.0,1000.0,111.9,125.9,0.9662030822999019,121.64496806155766,False,0.6530161371580657,121.01402185704396
3,1.5,87,9_7,linearity,0.995,10.0,1000.0,1000.0,105.5,120.8,1.0249251851931573,123.8109623713334,False,0.6530161371580657,123.14166968602255
3,1.5,88,9_8,linearity,0.995,10.0,1000.0,1000.0,107.2,124.7,1.008642006844574,125.77765825351838,False,0.6530161371580657,125.11899874643339
3,1.5,89,9_9,linearity,0.995,10.0,1000.0,1000.0,116.3,130.9,0.9295869754077792,121.68293508087831,False,0.6530161371580657,121.07589978504507
3,1.5,90,9_10,linearity,0.995,10.0,1000.0,1000.0,107.9,126.7,1.0020865739396756,126.96436891815691,False,0.6530161371580657,126.30999021454485
3,1.5,91,10_1,linearity,0.995,10.0,2000.0,2000.0,111.5,268.2,0.9696753709195257,260.0669344806168,False,0.6530161371580657,259.4337208156016
3,1.5,92,10_2,linearity,0.995,10.0,2000.0,2000.0,109.8,258.2,0.984715343109496,254.25350159087188,False,0.6530161371580657,253.6104665813142
3,1.5,93,10_3,linearity,0.995,10.0,2000.0,2000.0,108.8,257.5,0.9937823306223746,255.89895013526146,False,0.6530161371580657,255.24999423654248
3,1.5,94,10_4,linearity,0.995,10.0,2000.0,2000.0,109.5,286.8,0.9874180195136886,283.1914879965259,False,0.6530161371580657,282.5466880956628
3,1.5,95,10_5,linearity,0.995,10.0,2000.0,2000.0,107.6,269.0,1.0048855820397289,270.31422156868706,False,0.6530161371580657,269.6580150676176
3,1.5,96,10_6,linearity,0.995,10.0,3000.0,3000.0,108.7,375.5,0.9946982213328237,373.5091821104753,False,0.6530161371580657,372.8596281203425
3,1.5,97,10_7,linearity,0.995,10.0,3000.0,3000.0,110.2,391.3,0.9811347054392335,383.9180102383721,False,0.6530161371580657,383.2773134429944
3,1.5,98,10_8,linearity,0.995,10.0,3000.0,3000.0,112.7,379.5,0.9593325776102518,364.06671320309056,False,0.6530161371580657,363.4402535490096
3,1.5,99,10_9,linearity,0.995,10.0,3000.0,3000.0,105.7,390.5,1.0229822813188951,399.47458085502853,False,0.6530161371580657,398.8065569173005
3,1.5,100,10_10,linearity,0.995,10.0,3000.0,3000.0,106.2,396.1,1.0181570965248634,403.2920259334984,False,0.6530161371580657,402.6271529193057
3,1.5,101,11_1,linearity,0.995,10.0,5000.0,5000.0,104.2,627.9,1.0377361997914192,651.5945598490321,False,0.6530161371580657,650.9169013644553
3,1.5,102,11_2,linearity,0.995,10.0,5000.0,5000.0,112.3,639.2,0.962755572629577,615.3933620248257,False,0.6530161371580657,614.7646670997598
3,1.5,103,11_3,linearity,0.995,10.0,5000.0,5000.0,101.4,627.9,1.06644700135106,669.6220721483306,False,0.6530161371580657,668.9256650470246
3,1.5,104,11_4,linearity,0.995,10.0,5000.0,5000.0,105.2,673.6,1.0278534182990309,692.3620625662272,False,0.6530161371580657,691.6908576974449
3,1.5,105,11_5,linearity,0.995,10.0,5000.0,5000.0,104.3,608.4,1.0367393778172822,630.7522374640345,False,0.6530161371580657,630.0752299202926
3,1.5,106,11_6,linearity,0.995,10.0,0.0,0.0,104.6,0.4773,1.0337603691285238,0.49341382418504437,True,0.6530161371580657,-0.18164837881036033
3,1.5,107,11_7,linearity,0.995,10.0,0.0,0.0,124.2,0.4136,0.8703654223208088,0.3599831386718865,True,0.6530161371580657,-0.20837952732799656
3,1.5,108,11_8,linearity,0.995,10.0,0.0,0.0,105.5,0.4543,1.0249251851931573,0.4656235116332514,True,0.6530161371580657,-0.20366917367759937
3,1.5,109,11_9,linearity,0.995,10.0,0.0,0.0,103.7,0.6011,1.0427492018057836,0.6267965452054565,True,0.6530161371580657,-0.05413551058241265
3,1.5,110,11_10,linearity,0.995,10.0,0.0,0.0,105.6,0.5069,1.0239528116139291,0.5190416802071007,True,0.6530161371580657,-0.1496160294651679
3,1.5,111,12_1,dose_rate,0.995,6.0,200.0,600.0,104.4,24.31,1.035744469047072,25.17894804253432,False,0.6530161371580657,24.502590190274372
3,1.5,112,12_2,dose_rate,0.995,6.0,200.0,600.0,105.6,26.38,1.0239528116139291,27.01187517037545,False,0.6530161371580657,26.343217460703183
3,1.5,113,12_3,dose_rate,0.995,6.0,200.0,600.0,99.24,24.07,1.0897044896332757,26.229187065472946,False,0.6530161371580657,25.517592449008824
3,1.5,114,12_4,dose_rate,0.995,6.0,200.0,600.0,103.4,23.74,1.045780318293717,24.826824756292844,False,0.6530161371580657,24.143913332524747
3,1.5,115,12_5,dose_rate,0.995,6.0,200.0,600.0,102.2,26.39,1.0580830774077212,27.922812412789764,False,0.6530161371580657,27.231867088788654
3,1.5,116,12_6,dose_rate,0.995,6.0,200.0,500.0,108.1,23.91,1.0002292151020007,23.915480533088836,False,0.6530161371580657,23.262314714770284
3,1.5,117,12_7,dose_rate,0.995,6.0,200.0,500.0,95.26,21.91,1.135326413584606,24.875001721638718,False,0.6530161371580657,24.13361525262618
3,1.5,118,12_8,dose_rate,0.995,6.0,200.0,500.0,101.1,23.69,1.0696176647614541,25.33924247819885,False,0.6530161371580657,24.640764882520294
3,1.5,119,12_9,dose_rate,0.995,6.0,200.0,500.0,101.9,25.45,1.06120412934994,27.00764509195597,False,0.6530161371580657,26.314661670671683
3,1.5,120,12_10,dose_rate,0.995,6.0,200.0,500.0,96.06,22.8,1.1258519840858656,25.669425237157736,False,0.6530161371580657,24.93422572349824
3,1.5,121,13_1,dose_rate,0.995,6.0,200.0,400.0,109.3,24.96,0.9892280609348716,24.691132400934396,False,0.6530161371580657,24.04515051381434
3,1.5,122,13_2,dose_rate,0.995,6.0,200.0,400.0,108.8,25.54,0.9937823306223746,25.381200724095446,False,0.6530161371580657,24.732244825376487
3,1.5,123,13_3,dose_rate,0.995,6.0,200.0,400.0,109.4,26.45,0.9883222114846338,26.141122493768563,False,0.6530161371580657,25.49573214095735
3,1.5,124,13_4,dose_rate,0.995,6.0,200.0,400.0,103.2,24.14,1.047810871632104,25.29415444119899,False,0.6530161371580657,24.609917033333566
3,1.5,125,13_5,dose_rate,0.995,6.0,200.0,400.0,107.0,24.12,1.0105307705607818,24.374002185926056,False,0.6530161371580657,23.71410928565509
3,1.5,126,13_6,dose_rate,0.995,6.0,200.0,300.0,106.1,24.51,1.0191184885497433,24.97859415435421,False,0.6530161371580657,24.31309333565509
3,1.5,127,13_7,dose_rate,0.995,6.0,200.0,300.0,106.0,25.3,1.0200816978741287,25.80806695621546,False,0.6530161371580657,25.141937146284054
3,1.5,128,13_8,dose_rate,0.995,6.0,200.0,300.0,111.7,26.34,0.9679361125742645,25.495437205206127,False,0.6530161371580657,24.863359303957086
3,1.5,129,13_9,dose_rate,0.995,6.0,200.0,300.0,106.9,25.25,1.0114778075519486,25.539814640686703,False,0.6530161371580657,24.87930330997802
3,1.5,130,13_10,dose_rate,0.995,6.0,200.0,300.0,101.8,24.22,1.062248575685977,25.72766050311436,False,0.6530161371580657,25.033995041518246
3,1.5,131,14_1,dose_rate,0.995,6.0,200.0,200.0,112.6,25.27,0.9601860424289189,24.26390129217878,False,0.6530161371580657,23.63688431179876
3,1.5,132,14_2,dose_rate,0.995,6.0,200.0,200.0,100.1,24.16,1.0803240695944858,26.100629521402777,False,0.6530161371580657,25.395160470597304
3,1.5,133,14_3,dose_rate,0.995,6.0,200.0,200.0,101.2,25.93,1.0685586842034047,27.707726681394284,False,0.6530161371580657,27.00994061710907
3,1.5,134,14_4,dose_rate,0.995,6.0,200.0,200.0,106.5,25.05,1.0152837729615625,25.43285851268714,False,0.6530161371580657,24.769861825148514
3,1.5,135,14_5,dose_rate,0.995,6.0,200.0,200.0,89.85,21.09,1.2038351686511994,25.388883706853797,False,0.6530161371580657,24.60275991524616
3,1.5,136,14_6,dose_rate,0.995,6.0,200.0,100.0,103.8,25.07,1.0417427305257752,26.11649025428118,False,0.6530161371580657,25.436215440480748
3,1.5,137,14_7,dose_rate,0.995,6.0,200.0,100.0,101.6,24.21,1.064343648241662,25.767759723930638,False,0.6530161371580657,25.072726146147144
3,1.5,138,14_8,dose_rate,0.995,6.0,200.0,100.0,107.3,25.72,1.0077002702034836,25.9180509496336,False,0.6530161371580657,25.26000641177218
3,1.5,139,14_9,dose_rate,0.995,6.0,200.0,100.0,107.9,25.05,1.0020865739396756,25.102268677188874,False,0.6530161371580657,24.447889973576828
3,1.5,140,14_10,dose_rate,0.995,6.0,200.0,100.0,104.2,24.98,1.0377361997914192,25.922650270789653,False,0.6530161371580657,25.24499178621277
3,1.5,141,15_1,dose_rate,0.995,6.0,200.0,80.0,107.6,25.65,1.0048855820397289,25.775315179319044,False,0.6530161371580657,25.119108678249628
3,1.5,142,15_2,dose_rate,0.995,6.0,200.0,80.0,105.7,24.96,1.0229822813188951,25.533637741719623,False,0.6530161371580657,24.865613803991614
3,1.5,143,15_3,dose_rate,0.995,6.0,200.0,80.0,109.5,26.05,0.9874180195136886,25.72223940833159,False,0.6530161371580657,25.07743950746849
3,1.5,144,15_4,dose_rate,0.995,6.0,200.0,80.0,101.7,24.87,1.0632950799537884,26.444148638450717,False,0.6530161371580657,25.74979979268012
3,1.5,145,15_5,dose_rate,0.995,6.0,200.0,80.0,104.3,24.62,1.0367393778172822,25.52452348186149,False,0.6530161371580657,24.847515938119592
3,1.5,146,15_6,dose_rate,0.995,6.0,200.0,60.0,106.9,25.62,1.0114778075519486,25.914061429480924,False,0.6530161371580657,25.25355009877224
3,1.5,147,15_7,dose_rate,0.995,6.0,200.0,60.0,105.0,24.83,1.0298148870245352,25.570303644819205,False,0.6530161371580657,24.897817905306574
3,1.5,148,15_8,dose_rate,0.995,6.0,200.0,60.0,102.9,25.38,1.0508715297679359,26.67111942551021,False,0.6530161371580657,25.984883358491768
3,1.5,149,15_9,dose_rate,0.995,6.0,200.0,60.0,98.52,24.39,1.0976840623595212,26.772514280948723,False,0.6530161371580657,26.055708874726736
3,1.5,150,15_10,dose_rate,0.995,6.0,200.0,60.0,102.4,23.63,1.056012555224266,24.953576679949407,False,0.6530161371580657,24.263983440346436
4,1.5,151,16_1,dose_rate,0.995,6.0,200.0,0.0,109.0,0.7413,0.9388578222799187,0.6959753036561036,True,0.6571722435608226,0.07898400220378146
4,1.5,152,16_2,dose_rate,0.995,6.0,200.0,0.0,107.2,0.647,0.9546574558543832,0.6176633739377859,True,0.6571722435608226,-0.009711008158106016
4,1.5,153,16_3,dose_rate,0.995,6.0,200.0,0.0,104.0,0.8861,0.9840992002489584,0.872010301340602,True,0.6571722435608226,0.2252876220265828
4,1.5,154,16_4,dose_rate,0.995,6.0,200.0,0.0,98.57,0.9491,1.0384427996103516,0.9855860611101848,True,0.6571722435608226,0.3031502766806683
4,1.5,155,16_5,dose_rate,0.995,6.0,200.0,0.0,100.4,0.7978,1.0194698365237305,0.8133330355786321,True,0.6571722435608226,0.1433657558677471
4,1.5,156,16_6,dose_rate,0.995,10.0,200.0,2400.0,103.6,24.79,0.9879075980686987,24.490229356123038,False,0.6571722435608226,23.84100390346945
4,1.5,157,16_7,dose_rate,0.995,10.0,200.0,2400.0,100.5,23.91,1.0184530202387718,24.351211713909034,False,0.6571722435608226,23.681912657637426
4,1.5,158,16_8,dose_rate,0.995,10.0,200.0,2400.0,104.9,25.92,0.9756367399026394,25.288504298276415,False,0.6571722435608226,24.64734291301423
4,1.5,159,16_9,dose_rate,0.995,10.0,200.0,2400.0,100.8,24.83,1.0154147051131386,25.21274712795923,False,0.6571722435608226,24.545444768055376
4,1.5,160,16_10,dose_rate,0.995,10.0,200.0,2400.0,102.6,24.4,0.9975588121031047,24.340435015315755,False,0.6571722435608226,23.684867052682087
4,1.5,161,17_1,dose_rate,0.995,10.0,200.0,2000.0,100.8,23.26,1.0154147051131386,23.618546040931605,False,0.6571722435608226,22.95124368102775
4,1.5,162,17_2,dose_rate,0.995,10.0,200.0,2000.0,108.2,26.02,0.9458148390704679,24.610102112613575,False,0.6571722435608226,23.98853885282852
4,1.5,163,17_3,dose_rate,0.995,10.0,200.0,2000.0,103.0,24.42,0.9936757859134466,24.26556269200637,False,0.6571722435608226,23.612546546405564
4,1.5,164,17_4,dose_rate,0.995,10.0,200.0,2000.0,99.53,24.32,1.0284025600891402,25.01075026136789,False,0.6571722435608226,24.334912643670418
4,1.5,165,17_5,dose_rate,0.995,10.0,200.0,2000.0,103.0,24.78,0.9936757859134466,24.623285974935207,False,0.6571722435608226,23.970269829334406
4,1.5,166,17_6,dose_rate,0.995,10.0,200.0,1600.0,102.8,24.18,0.9956135129419817,24.07393474293712,False,0.6571722435608226,23.419645176917566
4,1.5,167,17_7,dose_rate,0.995,10.0,200.0,1600.0,103.0,22.64,0.9936757859134466,22.496819793080434,False,0.6571722435608226,21.84380364747963
4,1.5,168,17_8,dose_rate,0.995,10.0,200.0,1600.0,104.7,25.21,0.9775046849753973,24.642893108229767,False,0.6571722435608226,24.00050416131327
4,1.5,169,17_9,dose_rate,0.995,10.0,200.0,1600.0,99.9,24.77,1.0245845262092796,25.378958714203858,False,0.6571722435608226,24.705630202397202
4,1.5,170,17_10,dose_rate,0.995,10.0,200.0,1600.0,102.0,24.35,1.0034405888478408,24.433778338444924,False,0.6571722435608226,23.774345035391796
4,1.5,171,18_1,dose_rate,0.995,10.0,200.0,1200.0,101.6,23.92,1.0074004586945746,24.097018971974226,False,0.6571722435608226,23.434983352369713
4,1.5,172,18_2,dose_rate,0.995,10.0,200.0,1200.0,106.3,23.92,0.9627583787223527,23.029180419038678,False,0.6571722435608226,22.39648233528673
4,1.5,173,18_3,dose_rate,0.995,10.0,200.0,1200.0,102.3,25.12,1.0004910559707172,25.132335325984418,False,0.6571722435608226,24.474840374069604
4,1.5,174,18_4,dose_rate,0.995,10.0,200.0,1200.0,100.8,24.43,1.0154147051131386,24.806581245913975,False,0.6571722435608226,24.139278886010125
4,1.5,175,18_5,dose_rate,0.995,10.0,200.0,1200.0,98.79,24.61,1.0361246344655386,25.499027254196903,False,0.6571722435608226,24.81811490355655
4,1.5,176,18_6,dose_rate,0.995,10.0,200.0,800.0,95.29,23.92,1.0742771788089003,25.696710117108896,False,0.6571722435608226,24.99072497330486
4,1.5,177,18_7,dose_rate,0.995,10.0,200.0,800.0,95.94,23.72,1.0669806990496316,25.30878218145726,False,0.6571722435608226,24.60759208162672
4,1.5,178,18_8,dose_rate,0.995,10.0,200.0,800.0,100.8,23.26,1.0154147051131386,23.618546040931605,False,0.6571722435608226,22.95124368102775
4,1.5,179,18_9,dose_rate,0.995,10.0,200.0,800.0,100.9,24.25,1.0144059578909153,24.599344478854697,False,0.6571722435608226,23.932705039626057
4,1.5,180,18_10,dose_rate,0.995,10.0,200.0,800.0,104.5,25.56,0.9793797964696167,25.032947597763403,False,0.6571722435608226,24.389326379619323
4,1.5,181,19_1,dose_rate,0.995,10.0,200.0,400.0,103.0,24.83,0.9936757859134466,24.672969764230878,False,0.6571722435608226,24.019953618630076
4,1.5,182,19_2,dose_rate,0.995,10.0,200.0,400.0,101.3,25.2,1.0103909321441826,25.4618514900334,False,0.6571722435608226,24.797850614282698
4,1.5,183,19_3,dose_rate,0.995,10.0,200.0,400.0,105.1,24.45,0.9737759202460671,23.80882125001634,False,0.6571722435608226,23.168882743782728
4,1.5,184,19_4,dose_rate,0.995,10.0,200.0,400.0,105.8,24.57,0.9673185793775935,23.76701749530747,False,0.6571722435608226,23.13132257425983
4,1.5,185,19_5,dose_rate,0.995,10.0,200.0,400.0,101.7,23.74,1.0064075640950148,23.892115571615648,False,0.6571722435608226,23.230732454782746
4,1.5,186,19_6,dose_rate,0.995,10.0,200.0,0.0,107.9,0.5071,0.9484503759832996,0.4809591856611312,True,0.6571722435608226,-0.14233607582991953
4,1.5,187,19_7,dose_rate,0.995,10.0,200.0,0.0,105.0,0.5529,0.9747054419479281,0.5389146388530094,True,0.6571722435608226,-0.10163472324285364
4,1.5,188,19_8,dose_rate,0.995,10.0,200.0,0.0,105.0,0.578,0.9747054419479281,0.5633797454459024,True,0.6571722435608226,-0.07716961664996064
4,1.5,189,19_9,dose_rate,0.995,10.0,200.0,0.0,115.3,0.7344,0.8874519941201504,0.6517447444818385,True,0.6571722435608226,0.06853592645337332
4,1.5,190,19_10,dose_rate,0.995,10.0,200.0,0.0,97.84,0.7649,1.0462097641149608,0.8002458485715336,True,0.6571722435608226,0.11270583065286577
4,1.5,201,21_1,energy_resp,1.004,0.06,200.0,0.06,97.41,94.27,1.0508394412088675,99.06263412275993,False,0.6571722435608226,98.37205160955851
4,1.5,202,21_2,energy_resp,1.004,0.06,200.0,0.06,102.7,90.61,0.9965852132346219,90.3005861711891,False,0.6571722435608226,89.64565803070815
4,1.5,203,21_3,energy_resp,1.004,0.06,200.0,0.06,103.3,93.07,0.9907832966867718,92.21220142263785,False,0.6571722435608226,91.5610861406716
4,1.5,204,21_4,energy_resp,1.004,0.06,200.0,0.06,105.7,87.45,0.9682358083865357,84.67222144340255,False,0.6571722435608226,84.03592374490924
4,1.5,205,21_5,energy_resp,1.004,0.06,200.0,0.06,102.1,90.35,1.0024554807915511,90.57185268951663,False,0.6571722435608226,89.91306677213501
4,1.5,207,21_7,energy_resp,1.002,0.1,200.0,0.1,103.1,91.35,0.992709748146046,90.6840354931413,False,0.6571722435608226,90.03165420074745
4,1.5,208,21_8,energy_resp,1.002,0.1,200.0,0.1,97.65,90.34,1.048250395288061,94.69894071032344,False,0.6571722435608226,94.01005964623847
4,1.5,209,21_9,energy_resp,1.002,0.1,200.0,0.1,108.6,89.75,0.9423234902271896,84.57353324789027,False,0.6571722435608226,83.9542644056576
4,1.5,210,21_10,energy_resp,1.002,0.1,200.0,0.1,103.9,93.24,0.9850485442806548,91.84592626872825,False,0.6571722435608226,91.19857970686701
4,1.5,211,22_1,energy_resp,1.002,0.1,200.0,0.1,106.7,90.04,0.9591410590271942,86.36106095480856,False,0.6571722435608226,85.73074007315637
4,1.5,212,22_2,energy_resp,1.002,0.15,200.0,0.15,104.4,73.69,0.9803200525250388,72.23978467057012,False,0.6571722435608226,71.59554554224457
4,1.5,213,22_3,energy_resp,1.002,0.15,200.0,0.15,104.1,76.64,0.9831516843227806,75.3487450864979,False,0.6571722435608226,74.7026450883509
4,1.5,215,22_5,energy_resp,1.002,0.15,200.0,0.15,103.0,73.41,0.9936757859134466,72.94573944390612,False,0.6571722435608226,72.2927232983053
4,1.5,216,22_6,energy_resp,1.002,0.15,200.0,0.15,99.29,74.94,1.0308943743815944,77.25522441615668,False,0.6571722435608226,76.57774924727009
4,1.5,217,22_7,energy_resp,1.002,0.15,200.0,0.15,103.5,75.09,0.9888643076850804,74.2538208640727,False,0.6571722435608226,73.60396668841406
4,1.5,218,22_8,energy_resp,1.006,0.18,200.0,0.18,97.11,65.4,1.0540937891648186,68.93773381137913,False,0.6571722435608226,68.24501263103016
4,1.5,219,22_9,energy_resp,1.006,0.18,200.0,0.18,101.9,67.22,1.0044276349302745,67.51762562001305,False,0.6571722435608226,66.85754365767143
4,1.5,220,22_10,energy_resp,1.006,0.18,200.0,0.18,102.0,66.81,1.0034405888478408,67.03986574092424,False,0.6571722435608226,66.38043243787112
4,1.5,221,23_1,energy_resp,1.006,0.18,200.0,0.18,98.01,68.71,1.0443906590578746,71.76008218386656,False,0.6571722435608226,71.07373763129954
4,1.5,222,23_2,energy_resp,1.006,0.18,200.0,0.18,104.0,69.67,0.9840992002489584,68.56219128134494,False,0.6571722435608226,67.91546860203091
4,1.5,223,23_3,energy_resp,1.003,0.22,200.0,0.22,103.5,42.36,0.9888643076850804,41.88829207354001,False,0.6571722435608226,41.23843789788138
4,1.5,224,23_4,energy_resp,1.003,0.22,200.0,0.22,101.9,42.01,1.0044276349302745,42.19600494342083,False,0.6571722435608226,41.53592298107921
4,1.5,225,23_5,energy_resp,1.003,0.22,200.0,0.22,101.8,42.56,1.0054166247635705,42.79053154993756,False,0.6571722435608226,42.12979965092834
4,1.5,226,23_6,energy_resp,1.003,0.22,200.0,0.22,101.4,42.32,1.0093921368919845,42.717475233268786,False,0.6571722435608226,42.05413073803483
4,1.5,227,23_7,energy_resp,1.003,0.22,200.0,0.22,100.7,41.36,1.0164254605725025,42.0393570492787,False,0.6571722435608226,41.37139044894193
4,1.5,229,23_9,energy_resp,0.995,6.0,200.0,6.0,105.0,25.63,0.9747054419479281,24.981700477125397,False,0.6571722435608226,24.341151115029533
4,1.5,230,23_10,energy_resp,0.995,6.0,200.0,6.0,103.2,25.99,0.9917455868912668,25.77546780330402,False,0.6571722435608226,25.123720130925143
4,1.5,231,24_1,energy_resp,0.995,6.0,200.0,6.0,95.21,22.54,1.0751821098348882,24.23460475567838,False,0.6571722435608226,23.528024916321726
4,1.5,232,24_2,energy_resp,0.995,6.0,200.0,6.0,102.3,25.23,1.0004910559707172,25.242389342141195,False,0.6571722435608226,24.58489439022638
4,1.5,233,24_3,energy_resp,0.995,6.0,200.0,6.0,101.9,23.3,1.0044276349302745,23.403163893875398,False,0.6571722435608226,22.74308193153378
4,1.5,234,24_4,energy_resp,0.995,10.0,200.0,10.0,102.0,23.53,1.0034405888478408,23.610957055589697,False,0.6571722435608226,22.951523752536566
4,1.5,235,24_5,energy_resp,0.995,10.0,200.0,10.0,96.56,22.58,1.0601127443736773,23.93734576795763,False,0.6571722435608226,23.24066909731016
4,1.5,236,24_6,energy_resp,0.995,10.0,200.0,10.0,104.4,24.41,0.9803200525250388,23.9296124821362,False,0.6571722435608226,23.285373353810655
4,1.5,237,24_7,energy_resp,0.995,10.0,200.0,10.0,108.2,26.77,0.9458148390704679,25.319463241916427,False,0.6571722435608226,24.697899982131368
4,1.5,238,24_8,energy_resp,0.995,10.0,200.0,10.0,104.1,23.86,0.9831516843227806,23.457999187941542,False,0.6571722435608226,22.81189918979454
4,1.5,239,24_9,energy_resp,0.995,10.0,200.0,10.0,104.2,24.18,0.98220599122676,23.749740867863057,False,0.6571722435608226,23.104262352969684
4,1.5,240,24_10,energy_resp,0.995,10.0,200.0,10.0,101.9,24.19,1.0044276349302745,24.297104488963342,False,0.6571722435608226,23.637022526621724
4,1.5,241,25_1,energy_resp,0.995,10.0,200.0,10.0,102.8,23.77,0.9956135129419817,23.665733202630907,False,0.6571722435608226,23.01144363661135
4,1.5,242,25_2,energy_resp,0.995,10.0,200.0,10.0,97.4,24.62,1.0509475956948982,25.874329806008394,False,0.6571722435608226,25.183676216680727
4,1.5,243,25_3,energy_resp,0.995,10.0,200.0,10.0,97.47,23.32,1.0501909814780424,24.490453688067948,False,0.6571722435608226,23.80029732460268
4,1.5,244,25_4,energy_resp,0.0,0.0,200.0,0.0,103.9,0.619,0.9850485442806548,0.6097450489097254,True,0.6571722435608226,-0.037601512951514905
4,1.5,245,25_5,energy_resp,0.0,0.0,200.0,0.0,94.77,0.4692,1.0801866088367391,0.506823556866198,True,0.6571722435608226,-0.20304510032739853
4,1.5,246,25_6,energy_resp,0.0,0.0,200.0,0.0,101.4,0.5964,1.0093921368919845,0.6020014704423796,True,0.6571722435608226,-0.061343024791578826
4,1.5,247,25_7,energy_resp,0.0,0.0,200.0,0.0,102.5,0.584,0.9985343151172261,0.58314404002846,True,0.6571722435608226,-0.0730649961095969
4,1.5,248,25_8,energy_resp,0.0,0.0,200.0,0.0,99.12,0.5191,1.032666728046336,0.536057298528853,True,0.6571722435608226,-0.14258261199197145
