group,bead_size,bead_number,bead_id,experiment,e_factor,beam_energy,dose_level,exp_variable,scf_count,raw_bead,scf_bead,calibrated_count
1,1.0,1,1_1,linearity,0.995,6.0,10.0,10.0,40.85,0.8636,0.9765717062151664,0.8433673254874178
1,1.0,2,1_2,linearity,0.995,6.0,10.0,10.0,40.84,0.8628,0.9768119779634031,0.8427933745868242
1,1.0,3,1_3,linearity,0.995,6.0,10.0,10.0,40.75,0.9771,0.9789797558986748,0.9565611194885951
1,1.0,4,1_4,linearity,0.995,6.0,10.0,10.0,42.97,0.8508,0.9281705880128085,0.7896875362812975
1,1.0,5,1_5,linearity,0.995,6.0,10.0,10.0,43.52,0.9164,0.9163875503280119,0.83977755112059
1,1.0,6,1_6,linearity,0.995,6.0,25.0,25.0,41.46,1.638,0.9621353451298924,1.5759776953227638
1,1.0,7,1_7,linearity,0.995,6.0,25.0,25.0,40.44,1.649,0.986520760898002,1.6267727347208054
1,1.0,10,1_10,linearity,0.995,6.0,25.0,25.0,39.96,1.651,0.9984291304783234,1.6484064944197119
1,1.0,11,2_1,linearity,0.995,6.0,25.0,25.0,41.84,1.705,0.9533559931435694,1.625471968309786
1,1.0,12,2_2,linearity,0.995,6.0,50.0,50.0,41.72,2.655,0.956111060899059,2.538474866687001
1,1.0,13,2_3,linearity,0.995,6.0,50.0,50.0,38.5,2.916,1.0364849150212492,3.0223900122019627
1,1.0,14,2_4,linearity,0.995,6.0,50.0,50.0,41.85,2.897,0.9531271206913611,2.761209268642873
1,1.0,15,2_5,linearity,0.995,6.0,50.0,50.0,40.61,2.716,0.9823710456305483,2.6681197599325697
1,1.0,16,2_6,linearity,0.995,6.0,50.0,50.0,40.02,2.869,0.9969248856549058,2.860177496943925
1,1.0,17,2_7,linearity,0.995,6.0,100.0,100.0,41.43,5.312,0.9628353435217045,5.114581344787295
1,1.0,18,2_8,linearity,0.995,6.0,100.0,100.0,41.58,5.774,0.959345500274683,5.539260918586019
1,1.0,19,2_9,linearity,0.995,6.0,100.0,100.0,39.89,5.304,1.0001898302685581,5.305006859744433
1,1.0,20,2_10,linearity,0.995,6.0,100.0,100.0,41.05,5.354,0.9717909721319973,5.202968864794713
1,1.0,21,3_1,linearity,0.995,6.0,100.0,100.0,45.84,5.294,0.8698097442537965,4.604772786079598
1,1.0,22,3_2,linearity,0.995,6.0,250.0,250.0,40.15,12.38,0.9936811873666426,12.301773099599036
1,1.0,23,3_3,linearity,0.995,6.0,250.0,250.0,39.12,12.28,1.019975487857704,12.525298990892605
1,1.0,24,3_4,linearity,0.995,6.0,250.0,250.0,42.14,15.57,0.9465372916396031,14.73758563082862
1,1.0,25,3_5,linearity,0.995,6.0,250.0,250.0,40.87,12.47,0.9760915171500125,12.171861218860657
1,1.0,26,3_6,linearity,0.995,6.0,250.0,250.0,37.2,11.41,1.072897556815689,12.241761123267013
1,1.0,27,3_7,linearity,0.995,6.0,500.0,500.0,40.13,26.01,0.9941788432866081,25.858591713884678
1,1.0,28,3_8,linearity,0.995,6.0,500.0,500.0,41.65,27.17,0.9577255497501904,26.021403186712675
1,1.0,29,3_9,linearity,0.995,6.0,500.0,500.0,38.72,24.03,1.0305659055959489,24.76449871147065
1,1.0,30,3_10,linearity,0.995,6.0,500.0,500.0,41.76,24.09,0.9551909374016815,23.010549682006506
1,1.0,31,4_1,linearity,0.995,6.0,500.0,500.0,36.81,22.27,1.0843255546878814,24.147930102899117
1,1.0,32,4_2,linearity,0.995,6.0,1000.0,1000.0,39.36,58.0,1.0137250742067454,58.796054303991234
1,1.0,33,4_3,linearity,0.995,6.0,1000.0,1000.0,39.9,47.82,0.9999379216259702,47.817031412153895
1,1.0,34,4_4,linearity,0.995,6.0,1000.0,1000.0,40.4,50.18,0.9875022645394528,49.55286363458974
1,1.0,35,4_5,linearity,0.995,6.0,1000.0,1000.0,39.61,54.0,1.0072951694031365,54.393939147769366
1,1.0,36,4_6,linearity,0.995,6.0,1000.0,1000.0,41.8,57.19,0.9542725831825977,54.57484903221276
1,1.0,37,4_7,linearity,0.995,6.0,2000.0,2000.0,42.97,98.19,0.9281705880128085,91.13707003697766
1,1.0,38,4_8,linearity,0.995,6.0,2000.0,2000.0,39.77,94.01,1.0032226640561408,94.3129626479178
1,1.0,39,4_9,linearity,0.995,6.0,2000.0,2000.0,39.56,111.2,1.0085746166492184,112.15349737139309
1,1.0,40,4_10,linearity,0.995,6.0,2000.0,2000.0,38.88,94.89,1.0263034571481993,97.38593504879263
1,1.0,41,5_1,linearity,0.995,6.0,2000.0,2000.0,40.16,98.1,0.9934325461935589,97.45573278158813
1,1.0,42,5_2,linearity,0.995,6.0,3000.0,3000.0,42.34,146.6,0.9420454218094493,138.10385883726525
1,1.0,43,5_3,linearity,0.995,6.0,3000.0,3000.0,40.49,150.9,0.9852966216519623,148.68126020728113
1,1.0,44,5_4,linearity,0.995,6.0,3000.0,3000.0,41.43,146.5,0.9628353435217045,141.05537782592972
1,1.0,45,5_5,linearity,0.995,6.0,3000.0,3000.0,40.87,150.9,0.9760915171500125,147.2922099379369
1,1.0,46,5_6,linearity,0.995,6.0,3000.0,3000.0,41.23,148.9,0.9675281562800283,144.0649424700962
1,1.0,47,5_7,linearity,0.995,6.0,5000.0,5000.0,39.61,259.9,1.0072951694031365,261.7960145278751
1,1.0,48,5_8,linearity,0.995,6.0,5000.0,5000.0,40.92,259.9,0.9748931079416864,253.37471875404427
1,1.0,50,5_10,linearity,0.995,6.0,5000.0,5000.0,42.34,245.9,0.9420454218094493,231.64896922294358
1,1.0,52,6_2,linearity,0.995,6.0,5000.0,5000.0,43.17,273.5,0.923850950516375,252.67323496622856
1,1.0,53,6_3,linearity,0.995,10.0,0.0,0.0,39.8,0.6478,1.0024627326025755,0.6493953581799484
1,1.0,54,6_4,linearity,0.995,10.0,0.0,0.0,39.21,0.5139,1.0176225710616986,0.5229562392686069
1,1.0,55,6_5,linearity,0.995,10.0,0.0,0.0,38.38,0.625,1.0397422130971479,0.6498388831857174
1,1.0,56,6_6,linearity,0.995,10.0,0.0,0.0,39.76,0.6495,1.0034762306396383,0.651757811800445
1,1.0,57,6_7,linearity,0.995,10.0,0.0,0.0,39.59,0.6184,1.0078065585674707,0.6232275758181238
1,1.0,58,6_8,linearity,0.995,10.0,10.0,10.0,40.92,1.511,0.9748931079416864,1.473063486099888
1,1.0,59,6_9,linearity,0.995,10.0,10.0,10.0,42.56,1.59,0.9371533504792761,1.490073827262049
1,1.0,60,6_10,linearity,0.995,10.0,10.0,10.0,42.02,1.499,0.9492530339801329,1.4229302979362193
1,1.0,61,7_1,linearity,0.995,10.0,10.0,10.0,39.21,1.336,1.0176225710616986,1.3595437549384295
1,1.0,62,7_2,linearity,0.995,10.0,10.0,10.0,37.28,1.359,1.0705830620349834,1.4549223813055425
1,1.0,64,7_4,linearity,0.995,10.0,25.0,25.0,39.03,1.655,1.0223393105592011,1.6919715589754778
1,1.0,65,7_5,linearity,0.995,10.0,25.0,25.0,37.6,1.952,1.0614240869076494,2.0718998176437315
1,1.0,66,7_6,linearity,0.995,10.0,25.0,25.0,38.13,1.597,1.046594439478986,1.6714113198479406
1,1.0,67,7_7,linearity,0.995,10.0,25.0,25.0,37.51,1.724,1.0639841708738775,1.8343087105865648
1,1.0,68,7_8,linearity,0.995,10.0,25.0,25.0,38.42,2.079,1.0386541746717444,2.1593620291425566
1,1.0,69,7_9,linearity,0.995,10.0,50.0,50.0,37.94,2.989,1.0518628393548444,3.14401802683163
1,1.0,70,7_10,linearity,0.995,10.0,50.0,50.0,38.9,2.914,1.0257731289739414,2.9891028978300653
1,1.0,71,8_1,linearity,0.995,10.0,50.0,50.0,38.7,2.997,1.0311012024042476,3.09021030360553
1,1.0,72,8_2,linearity,0.995,10.0,50.0,50.0,39.44,2.774,1.0116585916469145,2.8063409332285407
1,1.0,73,8_3,linearity,0.995,10.0,50.0,50.0,38.07,3.103,1.0482524342151602,3.2527273033696424
1,1.0,74,8_4,linearity,0.995,10.0,100.0,100.0,39.58,5.279,1.008062447917731,5.321561662557701
1,1.0,75,8_5,linearity,0.995,10.0,100.0,100.0,36.61,5.649,1.0902810204900508,6.158997484748297
1,1.0,76,8_6,linearity,0.995,10.0,100.0,100.0,39.81,5.225,1.00220967789379,5.236545566995052
1,1.0,77,8_7,linearity,0.995,10.0,100.0,100.0,38.75,5.473,1.0297640016963259,5.635898381283991
1,1.0,78,8_8,linearity,0.995,10.0,100.0,100.0,43.81,5.223,0.9102943337898803,4.754467305384545
1,1.0,79,8_9,linearity,0.995,10.0,250.0,250.0,38.52,14.14,1.03594401517049,14.648248374510729
1,1.0,80,8_10,linearity,0.995,10.0,250.0,250.0,37.3,12.61,1.0700059977846588,13.492775632064546
1,1.0,81,9_1,linearity,0.995,10.0,250.0,250.0,40.48,12.41,0.9855412064021603,12.23056637145081
1,1.0,82,9_2,linearity,0.995,10.0,250.0,250.0,39.29,12.29,1.0155401841505518,12.48098886321028
1,1.0,83,9_3,linearity,0.995,10.0,250.0,250.0,39.26,12.2,1.016320079746836,12.399104972911397
1,1.0,84,9_4,linearity,0.995,10.0,500.0,500.0,38.23,25.28,1.0438427394258438,26.388344452685335
1,1.0,86,9_6,linearity,0.995,10.0,500.0,500.0,37.95,26.77,1.051584233157426,28.150909921624297
1,1.0,87,9_7,linearity,0.995,10.0,500.0,500.0,41.08,24.48,0.97107789620021,23.77198689898114
1,1.0,88,9_8,linearity,0.995,10.0,500.0,500.0,39.44,27.46,1.0116585916469145,27.780144926624274
1,1.0,89,9_9,linearity,0.995,10.0,500.0,500.0,38.58,23.52,1.0343246976103426,24.32731688779526
1,1.0,90,9_10,linearity,0.995,10.0,1000.0,1000.0,46.59,60.35,0.8557486426815469,51.64443058583136
1,1.0,91,10_1,linearity,0.995,10.0,1000.0,1000.0,43.81,52.12,0.9102943337898803,47.44454067712856
1,1.0,92,10_2,linearity,0.995,10.0,1000.0,1000.0,40.92,49.69,0.9748931079416864,48.44243853362239
1,1.0,93,10_3,linearity,0.995,10.0,1000.0,1000.0,46.76,50.21,0.8526244306016092,42.8102726605068
1,1.0,94,10_4,linearity,0.995,10.0,1000.0,1000.0,37.46,49.5,1.0654117831088672,52.737883263888925
1,1.0,95,10_5,linearity,0.995,10.0,2000.0,2000.0,37.54,99.27,1.0631294384871193,105.53685935861633
1,1.0,96,10_6,linearity,0.995,10.0,2000.0,2000.0,38.14,97.32,1.0463186168014205,101.82772778711423
1,1.0,97,10_7,linearity,0.995,10.0,2000.0,2000.0,39.69,97.55,1.0052547920957944,98.06260496894474
1,1.0,98,10_8,linearity,0.995,10.0,2000.0,2000.0,37.62,114.1,1.0608568515231822,121.04376675879509
1,1.0,99,10_9,linearity,0.995,10.0,2000.0,2000.0,37.88,110.1,1.0535375816543582,115.99448774014483
1,1.0,100,10_10,linearity,0.995,10.0,3000.0,3000.0,38.59,146.2,1.0340553034013826,151.17888535728213
1,1.0,101,11_1,linearity,0.995,10.0,3000.0,3000.0,41.49,152.0,0.9614363638211643,146.13832730081697
1,1.0,102,11_2,linearity,0.995,10.0,3000.0,3000.0,45.95,151.9,0.8677186025830835,131.80645573237038
1,1.0,103,11_3,linearity,0.995,10.0,3000.0,3000.0,37.56,156.8,1.0625603794139782,166.6094674921118
1,1.0,104,11_4,linearity,0.995,10.0,3000.0,3000.0,37.99,140.2,1.0504712826904363,147.27607383319915
1,1.0,105,11_5,linearity,0.995,10.0,5000.0,5000.0,37.25,246.7,1.071449826415914,264.32667217680597
1,1.0,106,11_6,linearity,0.995,10.0,5000.0,5000.0,39.41,250.8,1.0124325345391483,253.9180796624184
1,1.0,107,11_7,linearity,0.995,10.0,5000.0,5000.0,37.34,269.2,1.0688537335646477,287.7354250756032
1,1.0,108,11_8,linearity,0.995,10.0,5000.0,5000.0,45.48,255.9,0.8767245106401668,224.35380227281868
1,1.0,110,11_10,linearity,0.995,10.0,0.0,0.0,38.82,0.5604,1.027897736959499,0.5760338917921033
1,1.0,111,12_1,linearity,0.995,10.0,0.0,0.0,39.91,0.5331,0.9996861398432715,0.532932681150448
1,1.0,112,12_2,linearity,0.995,10.0,0.0,0.0,37.54,0.5327,1.0631294384871193,0.5663290518820884
1,1.0,113,12_3,linearity,0.995,10.0,0.0,0.0,37.18,0.6763,1.0734777450155004,0.725992998953983
1,1.0,114,12_4,linearity,0.995,10.0,0.0,0.0,38.98,0.6064,1.0236572857673505,0.6207457780893214
1,1.0,115,12_5,dose_rate,0.995,6.0,200.0,600.0,37.63,9.494,1.0605734611223063,10.069084439895176
1,1.0,116,12_6,dose_rate,0.995,6.0,200.0,600.0,36.8,9.313,1.0846217823489923,10.101082659016166
1,1.0,117,12_7,dose_rate,0.995,6.0,200.0,600.0,37.69,9.969,1.058876293157949,10.555937766491592
1,1.0,118,12_8,dose_rate,0.995,6.0,200.0,600.0,37.88,9.885,1.0535375816543582,10.41421899465333
1,1.0,119,12_9,dose_rate,0.995,6.0,200.0,600.0,38.52,10.01,1.03594401517049,10.369799591856605
1,1.0,120,12_10,dose_rate,0.995,6.0,200.0,500.0,39.33,10.47,1.0145021833592796,10.621837859771658
1,1.0,122,13_2,dose_rate,0.995,6.0,200.0,500.0,45.33,10.01,0.8796382190831459,8.80517857302229
1,1.0,123,13_3,dose_rate,0.995,6.0,200.0,500.0,37.97,9.649,1.0510274632935726,10.14136399331968
1,1.0,124,13_4,dose_rate,0.995,6.0,200.0,500.0,40.04,9.474,0.996424477458207,9.440125499439052
1,1.0,125,13_5,dose_rate,0.995,6.0,200.0,500.0,38.52,9.538,1.03594401517049,9.880834016696133
1,1.0,126,13_6,dose_rate,0.995,6.0,200.0,400.0,37.6,9.808,1.0614240869076494,10.410447444390226
1,1.0,127,13_7,dose_rate,0.995,6.0,200.0,400.0,40.63,10.29,0.9818851378757959,10.103598068741938
1,1.0,128,13_8,dose_rate,0.995,6.0,200.0,400.0,39.82,9.785,1.0019567509114977,9.804146807669005
1,1.0,129,13_9,dose_rate,0.995,6.0,200.0,400.0,39.92,10.24,0.9994344848246574,10.234209124604492
1,1.0,130,13_10,dose_rate,0.995,6.0,200.0,400.0,39.19,10.01,1.0181445028423077,10.1916264734515
1,1.0,131,14_1,dose_rate,0.995,6.0,200.0,300.0,43.92,9.624,0.9080042572183296,8.738632971469205
1,1.0,132,14_2,dose_rate,0.995,6.0,200.0,300.0,37.79,9.21,1.0560597183078613,9.726310005615403
1,1.0,133,14_3,dose_rate,0.995,6.0,200.0,300.0,37.69,9.887,1.058876293157949,10.469109910452643
1,1.0,134,14_4,dose_rate,0.995,6.0,200.0,300.0,44.25,10.11,0.9012026448608528,9.111158739543221
1,1.0,135,14_5,dose_rate,0.995,6.0,200.0,300.0,38.38,9.74,1.0397422130971479,10.127089155566221
1,1.0,136,14_6,dose_rate,0.995,6.0,200.0,200.0,39.69,9.431,1.0052547920957944,9.480557944255436
1,1.0,137,14_7,dose_rate,0.995,6.0,200.0,200.0,39.5,10.26,1.0101142502362144,10.36377220742356
1,1.0,138,14_8,dose_rate,0.995,6.0,200.0,200.0,37.63,9.92,1.0605734611223063,10.520888734333278
1,1.0,139,14_9,dose_rate,0.995,6.0,200.0,200.0,39.27,9.455,1.0160599814866556,9.606847124956328
1,1.0,140,14_10,dose_rate,0.995,6.0,200.0,200.0,40.72,10.39,0.979704488266371,10.179129633087596
1,1.0,141,15_1,dose_rate,0.995,6.0,200.0,100.0,38.27,10.11,1.042746106610404,10.542163137831183
1,1.0,142,15_2,dose_rate,0.995,6.0,200.0,100.0,38.3,9.865,1.0419251429299001,10.278591535003464
1,1.0,143,15_3,dose_rate,0.995,6.0,200.0,100.0,39.8,10.28,1.0024627326025755,10.305316891154476
1,1.0,144,15_4,dose_rate,0.995,6.0,200.0,100.0,39.38,9.967,1.0132076625074462,10.098640772211716
1,1.0,145,15_5,dose_rate,0.995,6.0,200.0,100.0,38.13,10.44,1.046594439478986,10.926445948160612
1,1.0,146,15_6,dose_rate,0.995,6.0,200.0,80.0,39.3,10.15,1.0152804848704653,10.305096921435224
1,1.0,147,15_7,dose_rate,0.995,6.0,200.0,80.0,38.66,9.521,1.032173466019745,9.827323569973993
1,1.0,148,15_8,dose_rate,0.995,6.0,200.0,80.0,39.49,10.45,1.010371312956725,10.558380220397776
1,1.0,149,15_9,dose_rate,0.995,6.0,200.0,80.0,39.57,9.899,1.0083184672452945,9.98134450726117
1,1.0,150,15_10,dose_rate,0.995,6.0,200.0,80.0,39.3,9.516,1.0152804848704653,9.661409094027348
2,1.0,151,16_1,dose_rate,0.995,6.0,200.0,60.0,40.42,9.717,0.9677792945687612,9.403911405324653
2,1.0,152,16_2,dose_rate,0.995,6.0,200.0,60.0,36.1,9.839,1.0843630607398826,10.669048154619706
2,1.0,153,16_3,dose_rate,0.995,6.0,200.0,60.0,48.04,10.97,0.8135046273629942,8.924145762172047
2,1.0,154,16_4,dose_rate,0.995,6.0,200.0,60.0,38.39,9.825,1.0192745026755348,10.01437198878713
2,1.0,155,16_5,dose_rate,0.995,6.0,200.0,60.0,38.0,8.984,1.029801697584302,9.25173845109737
2,1.0,156,16_6,dose_rate,0.995,6.0,200.0,0.0,37.85,0.5108,1.0339087511468084,0.5281205900857897
2,1.0,157,16_7,dose_rate,0.995,6.0,200.0,0.0,38.02,0.5259,1.0292565544667793,0.5412860219940793
2,1.0,158,16_8,dose_rate,0.995,6.0,200.0,0.0,39.57,0.5849,0.9886944276077012,0.5782873707077444
2,1.0,159,16_9,dose_rate,0.995,6.0,200.0,0.0,39.97,0.8769,0.9787405351096645,0.8582575752376649
2,1.0,160,16_10,dose_rate,0.995,6.0,200.0,0.0,41.15,0.7336,0.9505106025138551,0.6972945780041642
2,1.0,161,17_1,dose_rate,0.995,10.0,200.0,2400.0,40.27,10.33,0.9714056595125333,10.034620462764469
2,1.0,162,17_2,dose_rate,0.995,10.0,200.0,2400.0,38.49,9.684,1.016609800077146,9.84484930394708
2,1.0,163,17_3,dose_rate,0.995,10.0,200.0,2400.0,38.48,9.903,1.01687564320003,10.070119494609898
2,1.0,164,17_4,dose_rate,0.995,10.0,200.0,2400.0,41.72,10.21,0.9374494063323238,9.571358438653027
2,1.0,165,17_5,dose_rate,0.995,10.0,200.0,2400.0,38.03,9.589,1.0289841992863613,9.866929486956918
2,1.0,169,17_9,dose_rate,0.995,10.0,200.0,2000.0,40.08,9.782,0.9760382548220695,9.547606208669484
2,1.0,170,17_10,dose_rate,0.995,10.0,200.0,2000.0,38.64,11.29,1.0126387680108115,11.432691690842061
2,1.0,171,18_1,dose_rate,0.995,10.0,200.0,2000.0,39.85,9.557,0.9817055943873517,9.38216036555992
2,1.0,173,18_3,dose_rate,0.995,10.0,200.0,2000.0,42.92,9.376,0.9110924754693366,8.5424030500005
2,1.0,174,18_4,dose_rate,0.995,10.0,200.0,2000.0,37.73,9.641,1.0372180563253257,9.999819281032465
2,1.0,175,18_5,dose_rate,0.995,10.0,200.0,1600.0,38.83,9.976,1.0076531099011317,10.052347424373691
2,1.0,176,18_6,dose_rate,0.995,10.0,200.0,1600.0,38.72,9.888,1.0105335427927808,9.992155671135016
2,1.0,177,18_7,dose_rate,0.995,10.0,200.0,1600.0,37.68,10.12,1.0386031942486593,10.510664325796432
2,1.0,178,18_8,dose_rate,0.995,10.0,200.0,1600.0,43.81,9.631,0.8924820941718279,8.595495048968875
2,1.0,179,18_9,dose_rate,0.995,10.0,200.0,1600.0,38.15,10.46,1.0257271442763944,10.729105929131087
2,1.0,180,18_10,dose_rate,0.995,10.0,200.0,1200.0,38.12,9.378,1.0265394734494873,9.626887182009291
2,1.0,181,19_1,dose_rate,0.995,10.0,200.0,1200.0,40.46,10.41,0.9668168320774051,10.064563221925788
2,1.0,182,19_2,dose_rate,0.995,10.0,200.0,1200.0,38.59,11.03,1.0139589938825768,11.183967702524821
2,1.0,183,19_3,dose_rate,0.995,10.0,200.0,1200.0,37.57,10.55,1.0416635583797966,10.989550540906855
2,1.0,184,19_4,dose_rate,0.995,10.0,200.0,1200.0,39.95,9.989,0.9792334672225114,9.781563104085667
2,1.0,185,19_5,dose_rate,0.995,10.0,200.0,800.0,41.33,10.58,0.9463468672130917,10.01234985511451
2,1.0,186,19_6,dose_rate,0.995,10.0,200.0,800.0,39.31,9.796,0.9952737516712983,9.749701671372037
2,1.0,187,19_7,dose_rate,0.995,10.0,200.0,800.0,37.92,9.565,1.031988056987858,9.87096576508886
2,1.0,188,19_8,dose_rate,0.995,10.0,200.0,800.0,37.23,9.487,1.0512379394182971,9.973094331261384
2,1.0,189,19_9,dose_rate,0.995,10.0,200.0,800.0,39.74,10.23,0.9844393911648806,10.070814971616729
2,1.0,191,20_1,dose_rate,0.995,10.0,200.0,4000.0,39.57,9.531,0.9886944276077012,9.423246589529
2,1.0,192,20_2,dose_rate,0.995,10.0,200.0,4000.0,38.48,9.968,1.01687564320003,10.1362164114179
2,1.0,193,20_3,dose_rate,0.995,10.0,200.0,4000.0,39.22,10.68,0.9975716587092738,10.654065315015044
2,1.0,194,20_4,dose_rate,0.995,10.0,200.0,4000.0,39.22,9.599,0.9975716587092738,9.57569035195032
2,1.0,195,20_5,dose_rate,0.995,10.0,200.0,0.0,38.88,0.5964,1.0063492435685504,0.6001866888642835
2,1.0,196,20_6,dose_rate,0.995,10.0,200.0,0.0,41.82,0.5696,0.9351948906693105,0.5326870097252393
2,1.0,197,20_7,dose_rate,0.995,10.0,200.0,0.0,43.23,0.5064,0.9045227542163721,0.45805032273517077
2,1.0,198,20_8,dose_rate,0.995,10.0,200.0,0.0,37.79,0.4709,1.0355607598852115,0.48764556182994606
2,1.0,210,21_10,energy_resp,1.004,0.06,200.0,0.06,38.83,35.7,1.0076531099011317,35.9732160234704
2,1.0,211,22_1,energy_resp,1.004,0.06,200.0,0.06,40.61,38.08,0.9632245840639001,36.679592161153316
2,1.0,212,22_2,energy_resp,1.004,0.06,200.0,0.06,36.19,33.61,1.0816484556954216,36.354204595923115
2,1.0,213,22_3,energy_resp,1.004,0.06,200.0,0.06,36.96,39.92,1.0589674266678957,42.2739796725824
2,1.0,214,22_4,energy_resp,1.004,0.06,200.0,0.06,39.4,38.23,0.992986406764497,37.961870330606715
2,1.0,215,22_5,energy_resp,1.002,0.1,200.0,0.1,40.85,36.47,0.9575321832384579,34.921198722706556
2,1.0,216,22_6,energy_resp,1.002,0.1,200.0,0.1,36.84,35.07,1.0624393593181303,37.25974833128683
2,1.0,217,22_7,energy_resp,1.002,0.1,200.0,0.1,40.11,35.81,0.9753038570862568,34.92563112225886
2,1.0,218,22_8,energy_resp,1.002,0.1,200.0,0.1,39.06,38.08,1.0016831345198576,38.14409376251618
2,1.0,219,22_9,energy_resp,1.002,0.1,200.0,0.1,39.5,35.76,0.9904572117622569,35.4187498926183
2,1.0,220,22_10,energy_resp,1.006,0.18,200.0,0.18,38.85,28.41,1.0071311581361835,28.612596202648973
2,1.0,221,23_1,energy_resp,1.006,0.18,200.0,0.18,39.57,27.19,0.9886944276077012,26.882601486653396
2,1.0,222,23_2,energy_resp,1.006,0.18,200.0,0.18,39.34,28.57,0.9945101334005614,28.41315451125404
2,1.0,223,23_3,energy_resp,1.006,0.18,200.0,0.18,38.95,26.69,1.0045294892943577,26.81089206926641
2,1.0,224,23_4,energy_resp,1.006,0.18,200.0,0.18,40.69,30.39,0.9613196118697842,29.214503004722744
2,1.0,225,23_5,energy_resp,1.003,0.22,200.0,0.22,40.06,17.78,0.9765284680622413,17.362676162146652
2,1.0,226,23_6,energy_resp,1.003,0.22,200.0,0.22,38.26,16.48,1.022759571493209,16.855077738208085
2,1.0,227,23_7,energy_resp,1.003,0.22,200.0,0.22,39.61,16.25,0.9876899367238695,16.04996147176288
2,1.0,228,23_8,energy_resp,1.003,0.22,200.0,0.22,37.92,18.0,1.031988056987858,18.575785025781443
2,1.0,229,23_9,energy_resp,1.003,0.22,200.0,0.22,41.71,19.66,0.9376754558994503,18.434699462983193
2,1.0,230,23_10,energy_resp,1.002,0.15,200.0,0.15,37.58,29.14,1.0413845983925851,30.34594719715993
2,1.0,231,24_1,energy_resp,1.002,0.15,200.0,0.15,38.09,30.28,1.027353090297762,31.108251574216233
2,1.0,232,24_2,energy_resp,1.002,0.15,200.0,0.15,37.5,32.25,1.0436204708168488,33.656760183843375
2,1.0,233,24_3,energy_resp,1.002,0.15,200.0,0.15,39.16,29.98,0.9991095007684182,29.953302833037178
2,1.0,234,24_4,energy_resp,1.002,0.15,200.0,0.15,37.38,27.93,1.0469923393420268,29.24249603782281
2,1.0,235,24_5,energy_resp,0.995,6.0,200.0,6.0,38.74,9.848,1.0100086034833127,9.946564727103665
2,1.0,236,24_6,energy_resp,0.995,6.0,200.0,6.0,37.58,10.88,1.0413845983925851,11.330264430511328
2,1.0,237,24_7,energy_resp,0.995,6.0,200.0,6.0,38.2,9.672,1.0243761155298357,9.907765789404571
2,1.0,238,24_8,energy_resp,0.995,6.0,200.0,6.0,38.61,9.881,1.013430490651115,10.013706678123667
2,1.0,239,24_9,energy_resp,0.995,6.0,200.0,6.0,38.13,9.967,1.0262685541344747,10.22881867905831
2,1.0,240,24_10,energy_resp,0.995,10.0,200.0,10.0,38.39,9.485,1.0192745026755348,9.667818657877447
2,1.0,241,25_1,energy_resp,0.995,10.0,200.0,10.0,37.15,9.622,1.0535163689135996,10.136934501686655
2,1.0,242,25_2,energy_resp,0.995,10.0,200.0,10.0,38.18,9.593,1.024916099723981,9.83202014465215
2,1.0,243,25_3,energy_resp,0.995,10.0,200.0,10.0,38.61,10.01,1.013430490651115,10.14443921141766
2,1.0,244,25_4,energy_resp,0.995,10.0,200.0,10.0,38.83,9.607,1.0076531099011317,9.680523426820171
2,1.0,245,25_5,energy_resp,0.995,10.0,200.0,10.0,39.06,9.264,1.0016831345198576,9.27959255819196
2,1.0,246,25_6,energy_resp,0.995,10.0,200.0,10.0,38.46,9.859,1.0174077467713858,10.030622975419092
2,1.0,247,25_7,energy_resp,0.995,10.0,200.0,10.0,36.12,8.948,1.0837586383056637,9.697472295559079
2,1.0,248,25_8,energy_resp,0.995,10.0,200.0,10.0,39.73,10.14,0.9846886733360349,9.984743147627395
2,1.0,249,25_9,energy_resp,0.995,10.0,200.0,10.0,37.52,9.615,1.0430606031073293,10.029027698876972
2,1.0,250,25_10,energy_resp,0.0,0.0,200.0,0.0,36.83,0.6445,1.0627297149594548,0.6849293012913685
2,1.0,251,26_1,energy_resp,0.0,0.0,200.0,0.0,42.19,0.6133,0.9269466395074943,0.5684963740099462
2,1.0,252,26_2,energy_resp,0.0,0.0,200.0,0.0,37.97,0.6052,1.0306204958727334,0.6237315241021782
2,1.0,253,26_3,energy_resp,0.0,0.0,200.0,0.0,38.49,0.6589,1.016609800077146,0.6698441972708316
2,1.0,254,26_4,energy_resp,0.0,0.0,200.0,0.0,41.88,0.8209,0.9338473788814758,0.7665953133238035
3,1.5,1,1_1,linearity,0.995,6.0,10.0,10.0,110.2,1.911,0.9811347054392335,1.8749484220943753
3,1.5,2,1_2,linearity,0.995,6.0,10.0,10.0,109.6,1.812,0.9865154804770311,1.7875660506243805
3,1.5,3,1_3,linearity,0.995,6.0,10.0,10.0,103.2,1.794,1.047810871632104,1.8797727037079945
3,1.5,4,1_4,linearity,0.995,6.0,10.0,10.0,108.3,1.959,0.9983787287235124,1.955823929569361
3,1.5,5,1_5,linearity,0.995,6.0,10.0,10.0,107.2,2.297,1.008642006844574,2.3168506897219867
3,1.5,6,1_6,linearity,0.995,6.0,25.0,25.0,114.6,3.511,0.9434002285458551,3.3122782024244977
3,1.5,7,1_7,linearity,0.995,6.0,25.0,25.0,114.5,3.854,0.9442255683213312,3.6390453403104104
3,1.5,8,1_8,linearity,0.995,6.0,25.0,25.0,117.2,3.909,0.9224365793442643,3.6058045886567287
3,1.5,9,1_9,linearity,0.995,6.0,25.0,25.0,113.5,3.723,0.9525590929925092,3.5463775032111116
3,1.5,10,1_10,linearity,0.995,6.0,25.0,25.0,102.0,3.632,1.0601617348813117,3.850507421088924
3,1.5,11,2_1,linearity,0.995,6.0,50.0,50.0,115.0,6.974,0.9401132476262537,6.556349788945494
3,1.5,12,2_2,linearity,0.995,6.0,50.0,50.0,111.5,6.461,0.9696753709195257,6.265072571511056
3,1.5,13,2_3,linearity,0.995,6.0,50.0,50.0,109.1,7.005,0.9910447505367089,6.942268477509646
3,1.5,14,2_4,linearity,0.995,6.0,50.0,50.0,112.5,7.405,0.9610410271600951,7.116508806120504
3,1.5,15,2_5,linearity,0.995,6.0,50.0,50.0,98.54,6.406,1.0974608298585853,7.030334076074097
3,1.5,16,2_6,linearity,0.995,6.0,100.0,100.0,111.0,13.58,0.9740509859109169,13.227612388670252
3,1.5,17,2_7,linearity,0.995,6.0,100.0,100.0,106.1,13.93,1.0191184885497433,14.196320545497924
3,1.5,18,2_8,linearity,0.995,6.0,100.0,100.0,111.7,13.15,0.9679361125742645,12.728359880351578
3,1.5,19,2_9,linearity,0.995,6.0,100.0,100.0,110.3,12.55,0.9802436110675498,12.30205731889775
3,1.5,20,2_10,linearity,0.995,6.0,100.0,100.0,100.4,11.88,1.077089710571784,12.795825761592795
3,1.5,21,3_1,linearity,0.995,6.0,250.0,250.0,115.9,30.86,0.9328006351814708,28.78622760170019
3,1.5,22,3_2,linearity,0.995,6.0,250.0,250.0,115.6,38.31,0.9352254996484827,35.828488891533375
3,1.5,23,3_3,linearity,0.995,6.0,250.0,250.0,111.0,35.51,0.9740509859109169,34.58855050969666
3,1.5,24,3_4,linearity,0.995,6.0,250.0,250.0,109.8,31.69,0.984715343109496,31.20562922313993
3,1.5,25,3_5,linearity,0.995,6.0,250.0,250.0,112.8,31.05,0.9584806286547544,29.760823519730124
3,1.5,26,3_6,linearity,0.995,6.0,500.0,500.0,117.9,66.6,0.9169507585948309,61.06892052241573
3,1.5,27,3_7,linearity,0.995,6.0,500.0,500.0,111.3,62.41,0.9714208909692799,60.62637780539275
3,1.5,28,3_8,linearity,0.995,6.0,500.0,500.0,126.6,63.28,0.8538400805456768,54.03100029693043
3,1.5,29,3_9,linearity,0.995,6.0,500.0,500.0,130.6,64.07,0.8276495641509213,53.02750757514952
3,1.5,30,3_10,linearity,0.995,6.0,500.0,500.0,105.2,62.5,1.0278534182990309,64.24083864368943
3,1.5,31,4_1,linearity,0.995,6.0,1000.0,1000.0,112.8,130.4,0.9584806286547544,124.98587397657998
3,1.5,32,4_2,linearity,0.995,6.0,1000.0,1000.0,106.9,130.5,1.0114778075519486,131.99785388552928
3,1.5,33,4_3,linearity,0.995,6.0,1000.0,1000.0,111.1,135.7,0.9731727065997342,132.05953628558393
3,1.5,34,4_4,linearity,0.995,6.0,1000.0,1000.0,113.4,126.0,0.9534005430881113,120.12846842910203
3,1.5,35,4_5,linearity,0.995,6.0,1000.0,1000.0,109.9,120.9,0.9838177357713176,118.9435642547523
3,1.5,36,4_6,linearity,0.995,6.0,2000.0,2000.0,110.3,268.0,0.9802436110675498,262.7052877661033
3,1.5,37,4_7,linearity,0.995,6.0,2000.0,2000.0,111.0,254.7,0.9740509859109169,248.0907861115105
3,1.5,38,4_8,linearity,0.995,6.0,2000.0,2000.0,108.9,254.1,0.9928681250141821,252.28779056610367
3,1.5,39,4_9,linearity,0.995,6.0,2000.0,2000.0,107.4,244.3,1.0067602904605342,245.9515389595085
3,1.5,40,4_10,linearity,0.995,6.0,2000.0,2000.0,109.8,258.8,0.984715343109496,254.84433079673758
3,1.5,41,5_1,linearity,0.995,6.0,3000.0,3000.0,105.5,382.3,1.0249251851931573,391.8288982993441
3,1.5,42,5_2,linearity,0.995,6.0,3000.0,3000.0,118.5,384.6,0.9123002963539838,350.8706939777422
3,1.5,43,5_3,linearity,0.995,6.0,3000.0,3000.0,117.9,373.8,0.9169507585948309,342.7561935627478
3,1.5,44,5_4,linearity,0.995,6.0,3000.0,3000.0,108.7,419.1,0.9946982213328237,416.8780245605864
3,1.5,45,5_5,linearity,0.995,6.0,3000.0,3000.0,107.7,383.1,1.0039508435928552,384.6135681804229
3,1.5,46,5_6,linearity,0.995,6.0,5000.0,5000.0,104.9,597.0,1.0307984313945218,615.3866635425295
3,1.5,47,5_7,linearity,0.995,6.0,5000.0,5000.0,113.2,772.4,0.9550879109793299,737.7099024404343
3,1.5,48,5_8,linearity,0.995,6.0,5000.0,5000.0,110.6,656.7,0.9775800133690243,641.9767947794384
3,1.5,49,5_9,linearity,0.995,6.0,5000.0,5000.0,118.4,709.6,0.9130720948503355,647.915958505798
3,1.5,50,5_10,linearity,0.995,6.0,5000.0,5000.0,110.2,626.1,0.9811347054392335,614.2884390755041
3,1.5,51,6_1,linearity,0.995,6.0,0.0,0.0,96.88,0.6247,1.116303411716601,0.6973547412993607
3,1.5,52,6_2,linearity,0.995,6.0,0.0,0.0,104.3,0.7103,1.0367393778172822,0.7363959800636156
3,1.5,53,6_3,linearity,0.995,6.0,0.0,0.0,110.0,0.7295,0.9829217633526747,0.7170414263657762
3,1.5,54,6_4,linearity,0.995,6.0,0.0,0.0,104.4,0.6757,1.035744469047072,0.6998525377351066
3,1.5,55,6_5,linearity,0.995,6.0,0.0,0.0,107.0,1.202,1.0105307705607818,1.2146579862140596
3,1.5,56,6_6,linearity,0.995,10.0,10.0,10.0,111.3,2.088,0.9714208909692799,2.0283268203438563
3,1.5,57,6_7,linearity,0.995,10.0,10.0,10.0,115.5,2.006,0.9360365918174895,1.8776894031858837
3,1.5,58,6_8,linearity,0.995,10.0,10.0,10.0,109.4,1.744,0.9883222114846338,1.7236339368292015
3,1.5,59,6_9,linearity,0.995,10.0,10.0,10.0,116.1,1.798,0.9311910326147913,1.6742814766413947
3,1.5,60,6_10,linearity,0.995,10.0,10.0,10.0,114.1,1.971,0.9475414192127086,1.8676041372682488
3,1.5,61,7_1,linearity,0.995,10.0,25.0,25.0,115.2,3.617,0.9384783315662522,3.394476125275134
3,1.5,62,7_2,linearity,0.995,10.0,25.0,25.0,106.5,3.406,1.0152837729615625,3.458056530707082
3,1.5,63,7_3,linearity,0.995,10.0,25.0,25.0,109.0,3.455,0.9919555998620154,3.4272065975232633
3,1.5,64,7_4,linearity,0.995,10.0,25.0,25.0,92.58,3.033,1.1682613310895698,3.5433366171946648
3,1.5,65,7_5,linearity,0.995,10.0,25.0,25.0,108.7,3.613,0.9946982213328237,3.593844673675492
3,1.5,66,7_6,linearity,0.995,10.0,50.0,50.0,96.48,6.806,1.1209409340516676,7.6291239971556495
3,1.5,67,7_7,linearity,0.995,10.0,50.0,50.0,106.8,7.64,1.01242662127353,7.734939386529769
3,1.5,68,7_8,linearity,0.995,10.0,50.0,50.0,109.6,6.795,0.9865154804770311,6.7033726898414265
3,1.5,69,7_9,linearity,0.995,10.0,50.0,50.0,110.3,7.011,0.9802436110675498,6.872487957194592
3,1.5,70,7_10,linearity,0.995,10.0,50.0,50.0,110.6,6.979,0.9775800133690243,6.822530913302421
3,1.5,71,8_1,linearity,0.995,10.0,100.0,100.0,111.7,12.97,0.9679361125742645,12.554131380088212
3,1.5,72,8_2,linearity,0.995,10.0,100.0,100.0,107.7,12.77,1.0039508435928552,12.820452272680761
3,1.5,73,8_3,linearity,0.995,10.0,100.0,100.0,110.5,13.62,0.9784662694227553,13.326710589537926
3,1.5,74,8_4,linearity,0.995,10.0,100.0,100.0,107.4,13.04,1.0067602904605342,13.128154187605364
3,1.5,75,8_5,linearity,0.995,10.0,100.0,100.0,110.3,13.35,0.9802436110675498,13.086252207751789
3,1.5,76,8_6,linearity,0.995,10.0,250.0,250.0,107.0,35.69,1.0105307705607818,36.0658432013143
3,1.5,77,8_7,linearity,0.995,10.0,250.0,250.0,104.9,32.62,1.0307984313945218,33.624644832089295
3,1.5,78,8_8,linearity,0.995,10.0,250.0,250.0,105.7,31.7,1.0229822813188951,32.42853831780897
3,1.5,79,8_9,linearity,0.995,10.0,250.0,250.0,103.1,32.2,1.0488291081631054,33.772297282851994
3,1.5,80,8_10,linearity,0.995,10.0,250.0,250.0,108.0,31.74,1.001157033072841,31.776724229731972
3,1.5,81,9_1,linearity,0.995,10.0,500.0,500.0,106.4,62.63,1.0162397438400266,63.647095156700864
3,1.5,82,9_2,linearity,0.995,10.0,500.0,500.0,114.5,65.65,0.9442255683213312,61.9884085602954
3,1.5,83,9_3,linearity,0.995,10.0,500.0,500.0,103.7,62.94,1.0427492018057836,65.63063476165601
3,1.5,84,9_4,linearity,0.995,10.0,500.0,500.0,112.8,65.86,0.9584806286547544,63.12553420320212
3,1.5,85,9_5,linearity,0.995,10.0,500.0,500.0,112.5,64.47,0.9610410271600951,61.95831502101133
3,1.5,86,9_6,linearity,0.995,10.0,1000.0,1000.0,111.9,125.9,0.9662030822999019,121.64496806155766
3,1.5,87,9_7,linearity,0.995,10.0,1000.0,1000.0,105.5,120.8,1.0249251851931573,123.8109623713334
3,1.5,88,9_8,linearity,0.995,10.0,1000.0,1000.0,107.2,124.7,1.008642006844574,125.77765825351838
3,1.5,89,9_9,linearity,0.995,10.0,1000.0,1000.0,116.3,130.9,0.9295869754077792,121.68293508087831
3,1.5,90,9_10,linearity,0.995,10.0,1000.0,1000.0,107.9,126.7,1.0020865739396756,126.96436891815691
3,1.5,91,10_1,linearity,0.995,10.0,2000.0,2000.0,111.5,268.2,0.9696753709195257,260.0669344806168
3,1.5,92,10_2,linearity,0.995,10.0,2000.0,2000.0,109.8,258.2,0.984715343109496,254.25350159087188
3,1.5,93,10_3,linearity,0.995,10.0,2000.0,2000.0,108.8,257.5,0.9937823306223746,255.89895013526146
3,1.5,94,10_4,linearity,0.995,10.0,2000.0,2000.0,109.5,286.8,0.9874180195136886,283.1914879965259
3,1.5,95,10_5,linearity,0.995,10.0,2000.0,2000.0,107.6,269.0,1.0048855820397289,270.31422156868706
3,1.5,96,10_6,linearity,0.995,10.0,3000.0,3000.0,108.7,375.5,0.9946982213328237,373.5091821104753
3,1.5,97,10_7,linearity,0.995,10.0,3000.0,3000.0,110.2,391.3,0.9811347054392335,383.9180102383721
3,1.5,98,10_8,linearity,0.995,10.0,3000.0,3000.0,112.7,379.5,0.9593325776102518,364.06671320309056
3,1.5,99,10_9,linearity,0.995,10.0,3000.0,3000.0,105.7,390.5,1.0229822813188951,399.47458085502853
3,1.5,100,10_10,linearity,0.995,10.0,3000.0,3000.0,106.2,396.1,1.0181570965248634,403.2920259334984
3,1.5,101,11_1,linearity,0.995,10.0,5000.0,5000.0,104.2,627.9,1.0377361997914192,651.5945598490321
3,1.5,102,11_2,linearity,0.995,10.0,5000.0,5000.0,112.3,639.2,0.962755572629577,615.3933620248257
3,1.5,103,11_3,linearity,0.995,10.0,5000.0,5000.0,101.4,627.9,1.06644700135106,669.6220721483306
3,1.5,104,11_4,linearity,0.995,10.0,5000.0,5000.0,105.2,673.6,1.0278534182990309,692.3620625662272
3,1.5,105,11_5,linearity,0.995,10.0,5000.0,5000.0,104.3,608.4,1.0367393778172822,630.7522374640345
3,1.5,106,11_6,linearity,0.995,10.0,0.0,0.0,104.6,0.4773,1.0337603691285238,0.49341382418504437
3,1.5,107,11_7,linearity,0.995,10.0,0.0,0.0,124.2,0.4136,0.8703654223208088,0.3599831386718865
3,1.5,108,11_8,linearity,0.995,10.0,0.0,0.0,105.5,0.4543,1.0249251851931573,0.4656235116332514
3,1.5,109,11_9,linearity,0.995,10.0,0.0,0.0,103.7,0.6011,1.0427492018057836,0.6267965452054565
3,1.5,110,11_10,linearity,0.995,10.0,0.0,0.0,105.6,0.5069,1.0239528116139291,0.5190416802071007
3,1.5,111,12_1,dose_rate,0.995,6.0,200.0,600.0,104.4,24.31,1.035744469047072,25.17894804253432
3,1.5,112,12_2,dose_rate,0.995,6.0,200.0,600.0,105.6,26.38,1.0239528116139291,27.01187517037545
3,1.5,113,12_3,dose_rate,0.995,6.0,200.0,600.0,99.24,24.07,1.0897044896332757,26.229187065472946
3,1.5,114,12_4,dose_rate,0.995,6.0,200.0,600.0,103.4,23.74,1.045780318293717,24.826824756292844
3,1.5,115,12_5,dose_rate,0.995,6.0,200.0,600.0,102.2,26.39,1.0580830774077212,27.922812412789764
3,1.5,116,12_6,dose_rate,0.995,6.0,200.0,500.0,108.1,23.91,1.0002292151020007,23.915480533088836
3,1.5,117,12_7,dose_rate,0.995,6.0,200.0,500.0,95.26,21.91,1.135326413584606,24.875001721638718
3,1.5,118,12_8,dose_rate,0.995,6.0,200.0,500.0,101.1,23.69,1.0696176647614541,25.33924247819885
3,1.5,119,12_9,dose_rate,0.995,6.0,200.0,500.0,101.9,25.45,1.06120412934994,27.00764509195597
3,1.5,120,12_10,dose_rate,0.995,6.0,200.0,500.0,96.06,22.8,1.1258519840858656,25.669425237157736
3,1.5,121,13_1,dose_rate,0.995,6.0,200.0,400.0,109.3,24.96,0.9892280609348716,24.691132400934396
3,1.5,122,13_2,dose_rate,0.995,6.0,200.0,400.0,108.8,25.54,0.9937823306223746,25.381200724095446
3,1.5,123,13_3,dose_rate,0.995,6.0,200.0,400.0,109.4,26.45,0.9883222114846338,26.141122493768563
3,1.5,124,13_4,dose_rate,0.995,6.0,200.0,400.0,103.2,24.14,1.047810871632104,25.29415444119899
3,1.5,125,13_5,dose_rate,0.995,6.0,200.0,400.0,107.0,24.12,1.0105307705607818,24.374002185926056
3,1.5,126,13_6,dose_rate,0.995,6.0,200.0,300.0,106.1,24.51,1.0191184885497433,24.97859415435421
3,1.5,127,13_7,dose_rate,0.995,6.0,200.0,300.0,106.0,25.3,1.0200816978741287,25.80806695621546
3,1.5,128,13_8,dose_rate,0.995,6.0,200.0,300.0,111.7,26.34,0.9679361125742645,25.495437205206127
3,1.5,129,13_9,dose_rate,0.995,6.0,200.0,300.0,106.9,25.25,1.0114778075519486,25.539814640686703
3,1.5,130,13_10,dose_rate,0.995,6.0,200.0,300.0,101.8,24.22,1.062248575685977,25.72766050311436
3,1.5,131,14_1,dose_rate,0.995,6.0,200.0,200.0,112.6,25.27,0.9601860424289189,24.26390129217878
3,1.5,132,14_2,dose_rate,0.995,6.0,200.0,200.0,100.1,24.16,1.0803240695944858,26.100629521402777
3,1.5,133,14_3,dose_rate,0.995,6.0,200.0,200.0,101.2,25.93,1.0685586842034047,27.707726681394284
3,1.5,134,14_4,dose_rate,0.995,6.0,200.0,200.0,106.5,25.05,1.0152837729615625,25.43285851268714
3,1.5,135,14_5,dose_rate,0.995,6.0,200.0,200.0,89.85,21.09,1.2038351686511994,25.388883706853797
3,1.5,136,14_6,dose_rate,0.995,6.0,200.0,100.0,103.8,25.07,1.0417427305257752,26.11649025428118
3,1.5,137,14_7,dose_rate,0.995,6.0,200.0,100.0,101.6,24.21,1.064343648241662,25.767759723930638
3,1.5,138,14_8,dose_rate,0.995,6.0,200.0,100.0,107.3,25.72,1.0077002702034836,25.9180509496336
3,1.5,139,14_9,dose_rate,0.995,6.0,200.0,100.0,107.9,25.05,1.0020865739396756,25.102268677188874
3,1.5,140,14_10,dose_rate,0.995,6.0,200.0,100.0,104.2,24.98,1.0377361997914192,25.922650270789653
3,1.5,141,15_1,dose_rate,0.995,6.0,200.0,80.0,107.6,25.65,1.0048855820397289,25.775315179319044
3,1.5,142,15_2,dose_rate,0.995,6.0,200.0,80.0,105.7,24.96,1.0229822813188951,25.533637741719623
3,1.5,143,15_3,dose_rate,0.995,6.0,200.0,80.0,109.5,26.05,0.9874180195136886,25.72223940833159
3,1.5,144,15_4,dose_rate,0.995,6.0,200.0,80.0,101.7,24.87,1.0632950799537884,26.444148638450717
3,1.5,145,15_5,dose_rate,0.995,6.0,200.0,80.0,104.3,24.62,1.0367393778172822,25.52452348186149
3,1.5,146,15_6,dose_rate,0.995,6.0,200.0,60.0,106.9,25.62,1.0114778075519486,25.914061429480924
3,1.5,147,15_7,dose_rate,0.995,6.0,200.0,60.0,105.0,24.83,1.0298148870245352,25.570303644819205
3,1.5,148,15_8,dose_rate,0.995,6.0,200.0,60.0,102.9,25.38,1.0508715297679359,26.67111942551021
3,1.5,149,15_9,dose_rate,0.995,6.0,200.0,60.0,98.52,24.39,1.0976840623595212,26.772514280948723
3,1.5,150,15_10,dose_rate,0.995,6.0,200.0,60.0,102.4,23.63,1.056012555224266,24.953576679949407
4,1.5,151,16_1,dose_rate,0.995,6.0,200.0,0.0,109.0,0.7413,0.9388578222799187,0.6959753036561036
4,1.5,152,16_2,dose_rate,0.995,6.0,200.0,0.0,107.2,0.647,0.9546574558543832,0.6176633739377859
4,1.5,153,16_3,dose_rate,0.995,6.0,200.0,0.0,104.0,0.8861,0.9840992002489584,0.872010301340602
4,1.5,154,16_4,dose_rate,0.995,6.0,200.0,0.0,98.57,0.9491,1.0384427996103516,0.9855860611101848
4,1.5,155,16_5,dose_rate,0.995,6.0,200.0,0.0,100.4,0.7978,1.0194698365237305,0.8133330355786321
4,1.5,156,16_6,dose_rate,0.995,10.0,200.0,2400.0,103.6,24.79,0.9879075980686987,24.490229356123038
4,1.5,157,16_7,dose_rate,0.995,10.0,200.0,2400.0,100.5,23.91,1.0184530202387718,24.351211713909034
4,1.5,158,16_8,dose_rate,0.995,10.0,200.0,2400.0,104.9,25.92,0.9756367399026394,25.288504298276415
4,1.5,159,16_9,dose_rate,0.995,10.0,200.0,2400.0,100.8,24.83,1.0154147051131386,25.21274712795923
4,1.5,160,16_10,dose_rate,0.995,10.0,200.0,2400.0,102.6,24.4,0.9975588121031047,24.340435015315755
4,1.5,161,17_1,dose_rate,0.995,10.0,200.0,2000.0,100.8,23.26,1.0154147051131386,23.618546040931605
4,1.5,162,17_2,dose_rate,0.995,10.0,200.0,2000.0,108.2,26.02,0.9458148390704679,24.610102112613575
4,1.5,163,17_3,dose_rate,0.995,10.0,200.0,2000.0,103.0,24.42,0.9936757859134466,24.26556269200637
4,1.5,164,17_4,dose_rate,0.995,10.0,200.0,2000.0,99.53,24.32,1.0284025600891402,25.01075026136789
4,1.5,165,17_5,dose_rate,0.995,10.0,200.0,2000.0,103.0,24.78,0.9936757859134466,24.623285974935207
4,1.5,166,17_6,dose_rate,0.995,10.0,200.0,1600.0,102.8,24.18,0.9956135129419817,24.07393474293712
4,1.5,167,17_7,dose_rate,0.995,10.0,200.0,1600.0,103.0,22.64,0.9936757859134466,22.496819793080434
4,1.5,168,17_8,dose_rate,0.995,10.0,200.0,1600.0,104.7,25.21,0.9775046849753973,24.642893108229767
4,1.5,169,17_9,dose_rate,0.995,10.0,200.0,1600.0,99.9,24.77,1.0245845262092796,25.378958714203858
4,1.5,170,17_10,dose_rate,0.995,10.0,200.0,1600.0,102.0,24.35,1.0034405888478408,24.433778338444924
4,1.5,171,18_1,dose_rate,0.995,10.0,200.0,1200.0,101.6,23.92,1.0074004586945746,24.097018971974226
4,1.5,172,18_2,dose_rate,0.995,10.0,200.0,1200.0,106.3,23.92,0.9627583787223527,23.029180419038678
4,1.5,173,18_3,dose_rate,0.995,10.0,200.0,1200.0,102.3,25.12,1.0004910559707172,25.132335325984418
4,1.5,174,18_4,dose_rate,0.995,10.0,200.0,1200.0,100.8,24.43,1.0154147051131386,24.806581245913975
4,1.5,175,18_5,dose_rate,0.995,10.0,200.0,1200.0,98.79,24.61,1.0361246344655386,25.499027254196903
4,1.5,176,18_6,dose_rate,0.995,10.0,200.0,800.0,95.29,23.92,1.0742771788089003,25.696710117108896
4,1.5,177,18_7,dose_rate,0.995,10.0,200.0,800.0,95.94,23.72,1.0669806990496316,25.30878218145726
4,1.5,178,18_8,dose_rate,0.995,10.0,200.0,800.0,100.8,23.26,1.0154147051131386,23.618546040931605
4,1.5,179,18_9,dose_rate,0.995,10.0,200.0,800.0,100.9,24.25,1.0144059578909153,24.599344478854697
4,1.5,180,18_10,dose_rate,0.995,10.0,200.0,800.0,104.5,25.56,0.9793797964696167,25.032947597763403
4,1.5,181,19_1,dose_rate,0.995,10.0,200.0,400.0,103.0,24.83,0.9936757859134466,24.672969764230878
4,1.5,182,19_2,dose_rate,0.995,10.0,200.0,400.0,101.3,25.2,1.0103909321441826,25.4618514900334
4,1.5,183,19_3,dose_rate,0.995,10.0,200.0,400.0,105.1,24.45,0.9737759202460671,23.80882125001634
4,1.5,184,19_4,dose_rate,0.995,10.0,200.0,400.0,105.8,24.57,0.9673185793775935,23.76701749530747
4,1.5,185,19_5,dose_rate,0.995,10.0,200.0,400.0,101.7,23.74,1.0064075640950148,23.892115571615648
4,1.5,186,19_6,dose_rate,0.995,10.0,200.0,0.0,107.9,0.5071,0.9484503759832996,0.4809591856611312
4,1.5,187,19_7,dose_rate,0.995,10.0,200.0,0.0,105.0,0.5529,0.9747054419479281,0.5389146388530094
4,1.5,188,19_8,dose_rate,0.995,10.0,200.0,0.0,105.0,0.578,0.9747054419479281,0.5633797454459024
4,1.5,189,19_9,dose_rate,0.995,10.0,200.0,0.0,115.3,0.7344,0.8874519941201504,0.6517447444818385
4,1.5,190,19_10,dose_rate,0.995,10.0,200.0,0.0,97.84,0.7649,1.0462097641149608,0.8002458485715336
4,1.5,201,21_1,energy_resp,1.004,0.06,200.0,0.06,97.41,94.27,1.0508394412088675,99.06263412275993
4,1.5,202,21_2,energy_resp,1.004,0.06,200.0,0.06,102.7,90.61,0.9965852132346219,90.3005861711891
4,1.5,203,21_3,energy_resp,1.004,0.06,200.0,0.06,103.3,93.07,0.9907832966867718,92.21220142263785
4,1.5,204,21_4,energy_resp,1.004,0.06,200.0,0.06,105.7,87.45,0.9682358083865357,84.67222144340255
4,1.5,205,21_5,energy_resp,1.004,0.06,200.0,0.06,102.1,90.35,1.0024554807915511,90.57185268951663
4,1.5,207,21_7,energy_resp,1.002,0.1,200.0,0.1,103.1,91.35,0.992709748146046,90.6840354931413
4,1.5,208,21_8,energy_resp,1.002,0.1,200.0,0.1,97.65,90.34,1.048250395288061,94.69894071032344
4,1.5,209,21_9,energy_resp,1.002,0.1,200.0,0.1,108.6,89.75,0.9423234902271896,84.57353324789027
4,1.5,210,21_10,energy_resp,1.002,0.1,200.0,0.1,103.9,93.24,0.9850485442806548,91.84592626872825
4,1.5,211,22_1,energy_resp,1.002,0.1,200.0,0.1,106.7,90.04,0.9591410590271942,86.36106095480856
4,1.5,212,22_2,energy_resp,1.002,0.15,200.0,0.15,104.4,73.69,0.9803200525250388,72.23978467057012
4,1.5,213,22_3,energy_resp,1.002,0.15,200.0,0.15,104.1,76.64,0.9831516843227806,75.3487450864979
4,1.5,215,22_5,energy_resp,1.002,0.15,200.0,0.15,103.0,73.41,0.9936757859134466,72.94573944390612
4,1.5,216,22_6,energy_resp,1.002,0.15,200.0,0.15,99.29,74.94,1.0308943743815944,77.25522441615668
4,1.5,217,22_7,energy_resp,1.002,0.15,200.0,0.15,103.5,75.09,0.9888643076850804,74.2538208640727
4,1.5,218,22_8,energy_resp,1.006,0.18,200.0,0.18,97.11,65.4,1.0540937891648186,68.93773381137913
4,1.5,219,22_9,energy_resp,1.006,0.18,200.0,0.18,101.9,67.22,1.0044276349302745,67.51762562001305
4,1.5,220,22_10,energy_resp,1.006,0.18,200.0,0.18,102.0,66.81,1.0034405888478408,67.03986574092424
4,1.5,221,23_1,energy_resp,1.006,0.18,200.0,0.18,98.01,68.71,1.0443906590578746,71.76008218386656
4,1.5,222,23_2,energy_resp,1.006,0.18,200.0,0.18,104.0,69.67,0.9840992002489584,68.56219128134494
4,1.5,223,23_3,energy_resp,1.003,0.22,200.0,0.22,103.5,42.36,0.9888643076850804,41.88829207354001
4,1.5,224,23_4,energy_resp,1.003,0.22,200.0,0.22,101.9,42.01,1.0044276349302745,42.19600494342083
4,1.5,225,23_5,energy_resp,1.003,0.22,200.0,0.22,101.8,42.56,1.0054166247635705,42.79053154993756
4,1.5,226,23_6,energy_resp,1.003,0.22,200.0,0.22,101.4,42.32,1.0093921368919845,42.717475233268786
4,1.5,227,23_7,energy_resp,1.003,0.22,200.0,0.22,100.7,41.36,1.0164254605725025,42.0393570492787
4,1.5,229,23_9,energy_resp,0.995,6.0,200.0,6.0,105.0,25.63,0.9747054419479281,24.981700477125397
4,1.5,230,23_10,energy_resp,0.995,6.0,200.0,6.0,103.2,25.99,0.9917455868912668,25.77546780330402
4,1.5,231,24_1,energy_resp,0.995,6.0,200.0,6.0,95.21,22.54,1.0751821098348882,24.23460475567838
4,1.5,232,24_2,energy_resp,0.995,6.0,200.0,6.0,102.3,25.23,1.0004910559707172,25.242389342141195
4,1.5,233,24_3,energy_resp,0.995,6.0,200.0,6.0,101.9,23.3,1.0044276349302745,23.403163893875398
4,1.5,234,24_4,energy_resp,0.995,10.0,200.0,10.0,102.0,23.53,1.0034405888478408,23.610957055589697
4,1.5,235,24_5,energy_resp,0.995,10.0,200.0,10.0,96.56,22.58,1.0601127443736773,23.93734576795763
4,1.5,236,24_6,energy_resp,0.995,10.0,200.0,10.0,104.4,24.41,0.9803200525250388,23.9296124821362
4,1.5,237,24_7,energy_resp,0.995,10.0,200.0,10.0,108.2,26.77,0.9458148390704679,25.319463241916427
4,1.5,238,24_8,energy_resp,0.995,10.0,200.0,10.0,104.1,23.86,0.9831516843227806,23.457999187941542
4,1.5,239,24_9,energy_resp,0.995,10.0,200.0,10.0,104.2,24.18,0.98220599122676,23.749740867863057
4,1.5,240,24_10,energy_resp,0.995,10.0,200.0,10.0,101.9,24.19,1.0044276349302745,24.297104488963342
4,1.5,241,25_1,energy_resp,0.995,10.0,200.0,10.0,102.8,23.77,0.9956135129419817,23.665733202630907
4,1.5,242,25_2,energy_resp,0.995,10.0,200.0,10.0,97.4,24.62,1.0509475956948982,25.874329806008394
4,1.5,243,25_3,energy_resp,0.995,10.0,200.0,10.0,97.47,23.32,1.0501909814780424,24.490453688067948
4,1.5,244,25_4,energy_resp,0.0,0.0,200.0,0.0,103.9,0.619,0.9850485442806548,0.6097450489097254
4,1.5,245,25_5,energy_resp,0.0,0.0,200.0,0.0,94.77,0.4692,1.0801866088367391,0.506823556866198
4,1.5,246,25_6,energy_resp,0.0,0.0,200.0,0.0,101.4,0.5964,1.0093921368919845,0.6020014704423796
4,1.5,247,25_7,energy_resp,0.0,0.0,200.0,0.0,102.5,0.584,0.9985343151172261,0.58314404002846
4,1.5,248,25_8,energy_resp,0.0,0.0,200.0,0.0,99.12,0.5191,1.032666728046336,0.536057298528853
